{"ok": 1, "data": {"cards": [{"card_type": 9, "card_type_name": "", "itemid": "", "scheme": "https://m.weibo.cn/status/PhyL0zEM3?mblogid=PhyL0zEM3", "mblog": {"visible": {"type": 0, "list_id": 0}, "created_at": "Sat Mar 08 09:14:39 +0800 2025", "id": "5141851868498219", "mid": "5141851868498219", "can_edit": false, "text": "<a  href=\"https://m.weibo.cn/search?containerid=231522type%3D1%26t%3D10%26q%3D%23%E8%87%B4%E6%95%AC%E4%BA%86%E4%B8%8D%E8%B5%B7%E7%9A%84%E5%A5%B9%23&extparam=%23%E8%87%B4%E6%95%AC%E4%BA%86%E4%B8%8D%E8%B5%B7%E7%9A%84%E5%A5%B9%23\" data-hide=\"\"><span class=\"surl-text\">#\u81f4\u656c\u4e86\u4e0d\u8d77\u7684\u5979#</span></a>  \u3010\u5b88\u62a4\u201c\u5979\u201d\u529b\u91cf\u3011", "source": "\u5fae\u535a\u7f51\u9875\u7248", "favorited": false, "pic_ids": [], "is_paid": false, "mblog_vip_type": 0, "user": {"id": 1917433500, "screen_name": "\u5e73\u5b89\u6e56\u5317", "profile_image_url": "https://tvax4.sinaimg.cn/crop.0.0.1067.1067.180/0025Lm2Mly8h8w4chd6ezj60tn0tndia02.jpg?KID=imgbed,tva&Expires=1742796886&ssig=WOvlqpBnLo", "profile_url": "https://m.weibo.cn/u/1917433500?", "close_blue_v": false, "description": "\u6e56\u5317\u7701\u516c\u5b89\u5385\u5b98\u65b9\u5fae\u535a\uff0c\u5728\u8fd9\u91cc\u60a8\u53ef\u4ee5\u4e86\u89e3\u5230\u6700\u65b0\u7684\u8b66\u65b9\u8d44\u8baf\u3002\u6b22\u8fce\u60a8\u6536\u542c\u5e76\u7ed9\u6211\u4eec\u63d0\u51fa\u610f\u89c1\u548c\u5efa\u8bae\uff0c\u8c22\u8c22\u652f\u6301\uff01 \u6e29\u99a8\u63d0\u793a\uff1a\u5e7f\u5927\u7f51\u53cb\u5982\u9047\u7d27\u6025\u8b66\u60c5\uff0c\u8bf7\u62e8\u6253\u5f53\u5730110\u62a5\u8b66\u6c42\u52a9\u3002", "follow_me": false, "following": false, "follow_count": 530, "followers_count": "655.9\u4e07", "cover_image_phone": "https://tva1.sinaimg.cn/crop.0.0.640.640.640/549d0121tw1egm1kjly3jj20hs0hsq4f.jpg", "avatar_hd": "https://wx4.sinaimg.cn/orj480/0025Lm2Mly8h8w4chd6ezj60tn0tndia02.jpg", "badge": {"enterprise": 1, "dzwbqlx_2016": 1, "follow_whitelist_video": 1, "league_badge": 1, "panda": 1, "user_name_certificate": 1, "suishoupai_2018": 1, "wenchuan_10th": 1, "qixi_2018": 1, "national_day_2018": 1, "memorial_2018": 1, "fu_2019": 1, "womensday_2018": 1, "suishoupai_2019": 1, "wusi_2019": 1, "hongrenjie_2019": 1, "china_2019": 1, "hongkong_2019": 1, "gongjiri_2019": 1, "macao_2019": 1, "china_2019_2": 1, "hongbao_2020": 2, "feiyan_2020": 1, "graduation_2020": 1, "pc_new": 7, "dailv_2020": 1, "school_2020": 1, "hongrenjie_2020": 1, "china_2020": 1, "lvzhilingyang_2021": 1, "yuanlongping_2021": 1, "ylpshuidao_2021": 1, "gaokao_2021": 1, "party_cardid_state": 2, "kaixue21_2021": 1, "newdongaohui_2022": 1, "nihaochuntian_2022": 1, "video_visible": 1, "iplocationchange_2022": 1, "shuidao_2022": 1, "city_university": 17, "gaokao_2022": 1, "hangmu_2022": 1, "guoqi_2022": 1, "gangqi_2022": 1, "zhongqiujie_2022": 5, "kaixueji_2022": 1, "guoq_2022": 1, "hongrenjie_2022": 1, "gaokao_2023": 1, "duanwujie_2023": 1, "kaixueji_2023": 1, "laoshiyeyeni_2023": 1, "yayunhuiguoqi_2023": 1, "nihaochuntian_2024": 1, "hangmu_2024": 1, "gaokao_2024": 1, "biyeji_2024": 1, "kaixueji_2024": 1, "guoqi1001_2024": 1}, "statuses_count": 72016, "verified": true, "verified_type": 1, "gender": "m", "mbtype": 12, "svip": 0, "urank": 48, "mbrank": 7, "followers_count_str": "655.9\u4e07", "verified_type_ext": 0, "verified_reason": "\u6e56\u5317\u7701\u516c\u5b89\u5385\u5b98\u65b9\u5fae\u535a", "like": false, "like_me": false, "special_follow": false}, "retweeted_status": {"visible": {"type": 0, "list_id": 0}, "created_at": "Fri Mar 07 11:07:25 +0800 2025", "id": "5141517858772782", "mid": "5141517858772782", "can_edit": false, "text": "<a  href=\"https://m.weibo.cn/search?containerid=231522type%3D1%26t%3D10%26q%3D%23%E8%87%B4%E6%95%AC%E4%BA%86%E4%B8%8D%E8%B5%B7%E7%9A%84%E5%A5%B9%23&extparam=%23%E8%87%B4%E6%95%AC%E4%BA%86%E4%B8%8D%E8%B5%B7%E7%9A%84%E5%A5%B9%23\" data-hide=\"\"><span class=\"surl-text\">#\u81f4\u656c\u4e86\u4e0d\u8d77\u7684\u5979#</span></a>  \u3010\u5b88\u62a4\u201c\u5979\u201d\u529b\u91cf\u3011\u8b66\u5fbd\u95ea\u8000\u4e0b\uff0c\u5979\u4ee5\u6e29\u67d4\u5b88\u62a4\u8857\u5df7\u5b89\u5b81\uff0c\u4ee5\u4e13\u4e1a\u7f16\u7ec7\u5e73\u5b89\u4e4b\u7f51\uff0c\u4ee5\u575a\u97e7\u634d\u536b\u7f51\u7edc\u51c0\u571f\u3002\u4e0d\u9700\u6e32\u67d3\u975e\u51e1\uff0c\u5979\u4eec\u662f\u79e9\u5e8f\u7684\u65e5\u5e38\u5b88\u62a4\u8005\u3002\u8b66\u53f7\u4e0d\u5206\u7537\u5973\uff0c\u70ed\u8840\u5171\u94f8\u5e73\u5b89\u3002\u56fd\u9645\u5987\u5973\u8282\uff0c\u9ad8\u65b0\u516c\u5b89\u5411\u6bcf\u4e00\u4f4d\u9ed8\u9ed8\u5949\u732e\u7684\u5973\u8b66\u81f4\u656c\uff01 <a  href=\"https://video.weibo.com/show?fid=1034:5141505967325210\" data-hide=\"\"><span class='url-icon'><img style='width: 1rem;height: 1rem' src='https://h5.sinaimg.cn/upload/2015/09/25/3/timeline_card_small_video_default.png'></span><span class=\"surl-text\">\u5e73\u5b89\u91cd\u5e86\u9ad8\u65b0\u7684\u5fae\u535a\u89c6\u9891</span></a> ", "textLength": 245, "source": "\u5fae\u535a\u89c6\u9891\u53f7", "favorited": false, "pic_ids": [], "is_paid": false, "mblog_vip_type": 0, "user": {"id": 2568309141, "screen_name": "\u8b66\u6c11\u643a\u624b\u540c\u884c", "profile_image_url": "https://tvax1.sinaimg.cn/crop.0.0.1080.1080.180/002NOmwZly8h8vhqbas7oj60u00u0mz902.jpg?KID=imgbed,tva&Expires=1742796886&ssig=CbVhmfqFzR", "profile_url": "https://m.weibo.cn/u/2568309141?", "close_blue_v": false, "description": "\u8fd9\u91cc\u662f\u8b66\u6c11\u6c9f\u901a\u7684\u804a\u5929\u5ba4\uff0c\u8fd9\u91cc\u662f\u8b66\u6c11\u4e92\u52a8\u7684\u5927\u821e\u53f0\u3002\u6211\u4eec\u6bcf\u5929\u5728\u8fd9\u91cc\u5b88\u5019\uff0c\u4e0e\u60a8\u5206\u4eab\u516c\u5171\u5b89\u5168\u90a3\u4e9b\u4e8b\uff0c\u4e0e\u60a8\u5171\u8c31\u8b66\u6c11\u548c\u8c10\u65b0\u7bc7\u7ae0\uff01", "follow_me": false, "following": false, "follow_count": 1467, "followers_count": "465.9\u4e07", "cover_image_phone": "https://wx2.sinaimg.cn/crop.0.0.640.640.640/99154995ly1gdi7jrsremj20yi0yithn.jpg", "avatar_hd": "https://wx1.sinaimg.cn/orj480/002NOmwZly8h8vhqbas7oj60u00u0mz902.jpg", "badge": {"enterprise": 1, "dzwbqlx_2016": 1, "follow_whitelist_video": 1, "user_name_certificate": 1, "suishoupai_2018": 1, "wenchuan_10th": 1, "wenda_v2": 1, "qixi_2018": 1, "national_day_2018": 1, "memorial_2018": 1, "denglong_2019": 1, "womensday_2018": 1, "suishoupai_2019": 1, "wusi_2019": 1, "hongrenjie_2019": 1, "china_2019": 1, "hongkong_2019": 1, "gongjiri_2019": 1, "macao_2019": 1, "china_2019_2": 1, "hongbao_2020": 2, "feiyan_2020": 1, "kangyi_2020": 1, "daka_2020": 1, "graduation_2020": 1, "pc_new": 7, "dailv_2020": 1, "school_2020": 1, "china_2020": 1, "hongbaofeijika_2021": 1, "yuanlongping_2021": 1, "ylpshuidao_2021": 1, "gaokao_2021": 1, "party_cardid_state": 2, "hongbaofei2022_2021": 1, "newdongaohui_2022": 1, "iplocationchange_2022": 1, "city_university": 12, "gaokao_2022": 1, "guoqi_2022": 1, "gangqi_2022": 1, "kaixueji_2022": 1, "guoq_2022": 1, "yaya_panda": 1, "muqinjie_2023": 1, "gaokao_2023": 1, "laoshiyeyeni_2023": 1, "yayunhuiguoqi_2023": 1, "lvzhilingyang_2024": 1, "gaokao_2024": 1, "kaixueji_2024": 1, "guoqi1001_2024": 1}, "statuses_count": 46834, "verified": true, "verified_type": 1, "gender": "f", "mbtype": 12, "svip": 1, "urank": 45, "mbrank": 1, "followers_count_str": "465.9\u4e07", "verified_type_ext": 0, "verified_reason": "\u516c\u5b89\u90e8\u65b0\u95fb\u5ba3\u4f20\u5c40\u5b98\u65b9\u5fae\u535a", "like": false, "like_me": false, "special_follow": false}, "reposts_count": 81, "comments_count": 4, "reprint_cmt_count": 0, "attitudes_count": 6, "mixed_count": 0, "pending_approval_count": 0, "isLongText": false, "show_mlevel": 0, "darwin_tags": [{"object_type": "city", "object_id": "1022:23044100658008650000000000000", "display_name": "\u91cd\u5e86\u540c\u57ce", "enterprise_uid": null, "bd_object_type": "city"}], "ad_marked": false, "mblogtype": 0, "item_category": "status", "rid": "0_0_50_5245826815733547101_0_0_0", "cardid": "star_1624", "number_display_strategy": {"apply_scenario_flag": 19, "display_text_min_number": 1000000, "display_text": "100\u4e07+"}, "content_auth": 0, "is_show_mixed": false, "comment_manage_info": {"comment_permission_type": -1, "approval_comment_type": 0, "comment_sort_type": 0, "ai_play_picture_type": 0}, "pic_num": 0, "mlevel": 0, "detail_bottom_bar": 0, "page_info": {"type": "video", "object_type": 11, "url_ori": "http://t.cn/A6BP9PRc", "page_pic": {"width": "1619", "pid": "0082edrIly1hz873dx4nrj318z0pa7mh", "source": "2", "is_self_cover": "1", "type": "1", "url": "https://wx1.sinaimg.cn/orj480/0082edrIly1hz873dx4nrj318z0pa7mh.jpg", "height": "910"}, "page_url": "https://video.weibo.com/show?fid=1034%3A5141505967325210", "object_id": "1034:5141505967325210", "page_title": "\u5e73\u5b89\u91cd\u5e86\u9ad8\u65b0\u7684\u5fae\u535a\u89c6\u9891", "title": "", "content1": "\u5e73\u5b89\u91cd\u5e86\u9ad8\u65b0\u7684\u5fae\u535a\u89c6\u9891", "content2": "#\u81f4\u656c\u4e86\u4e0d\u8d77\u7684\u5979#  \u3010\u5b88\u62a4\u201c\u5979\u201d\u529b\u91cf\u3011\u8b66\u5fbd\u95ea\u8000\u4e0b\uff0c\u5979\u4ee5\u6e29\u67d4\u5b88\u62a4\u8857\u5df7\u5b89\u5b81\uff0c\u4ee5\u4e13\u4e1a\u7f16\u7ec7\u5e73\u5b89\u4e4b\u7f51\uff0c\u4ee5\u575a\u97e7\u634d\u536b\u7f51\u7edc\u51c0\u571f\u3002\u4e0d\u9700\u6e32\u67d3\u975e\u51e1\uff0c\u5979\u4eec\u662f\u79e9\u5e8f\u7684\u65e5\u5e38\u5b88\u62a4\u8005\u3002\u8b66\u53f7\u4e0d\u5206\u7537\u5973\uff0c\u70ed\u8840\u5171\u94f8\u5e73\u5b89\u3002\u56fd\u9645\u5987\u5973\u8282\uff0c\u9ad8\u65b0\u516c\u5b89\u5411\u6bcf\u4e00\u4f4d\u9ed8\u9ed8\u5949\u732e\u7684\u5973\u8b66\u81f4\u656c\uff01 @\u8b66\u6c11\u643a\u624b\u540c\u884c @\u5e73\u5b89\u91cd\u5e86 @\u4e2d\u56fd\u8b66\u5bdf\u7f51 @\u91cd\u5e86\u957f", "video_orientation": "horizontal", "play_count": "4\u4e07\u6b21\u64ad\u653e", "media_info": {"stream_url": "https://f.video.weibocdn.com/u0/85PMxrllgx08mu0cRmNa01041200aveh0E010.mp4?label=mp4_ld&template=640x360.25.0&ori=0&ps=1CwnkDw1GXwCQx&Expires=1742789686&ssig=5bsTqrCeWO&KID=unistore,video", "stream_url_hd": "https://f.video.weibocdn.com/u0/g4CjKfOjgx08mu0d9DxS01041200gslD0E010.mp4?label=mp4_hd&template=852x480.25.0&ori=0&ps=1CwnkDw1GXwCQx&Expires=1742789686&ssig=0j16eihn21&KID=unistore,video", "duration": 64.157}, "urls": {"mp4_720p_mp4": "https://f.video.weibocdn.com/u0/o7G24fFDgx08mu0digXS01041200vxwg0E010.mp4?label=mp4_720p&template=1280x720.25.0&ori=0&ps=1CwnkDw1GXwCQx&Expires=1742789686&ssig=JzOtpQA%2Fla&KID=unistore,video", "mp4_hd_mp4": "https://f.video.weibocdn.com/u0/g4CjKfOjgx08mu0d9DxS01041200gslD0E010.mp4?label=mp4_hd&template=852x480.25.0&ori=0&ps=1CwnkDw1GXwCQx&Expires=1742789686&ssig=0j16eihn21&KID=unistore,video", "mp4_ld_mp4": "https://f.video.weibocdn.com/u0/85PMxrllgx08mu0cRmNa01041200aveh0E010.mp4?label=mp4_ld&template=640x360.25.0&ori=0&ps=1CwnkDw1GXwCQx&Expires=1742789686&ssig=5bsTqrCeWO&KID=unistore,video"}}, "bid": "Phq4hAOcu"}, "reposts_count": 0, "comments_count": 0, "reprint_cmt_count": 0, "attitudes_count": 5, "mixed_count": 0, "pending_approval_count": 0, "isLongText": false, "show_mlevel": 0, "darwin_tags": [], "ad_marked": false, "mblogtype": 0, "item_category": "status", "rid": "0_0_50_5245826815733547101_0_0_0", "cardid": "star_1624", "extern_safe": 0, "number_display_strategy": {"apply_scenario_flag": 19, "display_text_min_number": 1000000, "display_text": "100\u4e07+"}, "content_auth": 0, "is_show_mixed": false, "comment_manage_info": {"comment_permission_type": -1, "approval_comment_type": 0, "comment_sort_type": 0}, "repost_type": 1, "pic_num": 0, "mlevel": 0, "detail_bottom_bar": 0, "analysis_extra": "mblog_rt_mid:5141517858772782", "mblog_menu_new_style": 0, "raw_text": "#\u81f4\u656c\u4e86\u4e0d\u8d77\u7684\u5979#  \u3010\u5b88\u62a4\u201c\u5979\u201d\u529b\u91cf\u3011", "bid": "PhyL0zEM3"}, "show_type": 1, "title": ""}, {"card_type": 9, "card_type_name": "", "itemid": "", "scheme": "https://m.weibo.cn/status/PhyKJpcoh?mblogid=PhyKJpcoh", "mblog": {"visible": {"type": 0, "list_id": 0}, "mark": "999_reallog_mark_ad:999|WeiboADNatural", "created_at": "Sat Mar 08 09:13:58 +0800 2025", "id": "5141851696005833", "mid": "5141851696005833", "can_edit": false, "text": "\u3010<a  href=\"https://m.weibo.cn/search?containerid=231522type%3D1%26t%3D10%26q%3D%23%E6%AF%9B%E4%B8%BB%E5%B8%AD%E6%8E%A5%E8%A7%81%E8%BF%87%E7%9A%84%E7%AC%AC%E4%B8%80%E4%BB%A3%E5%A5%B3%E4%BA%A4%E8%AD%A6%E9%82%B1%E7%9B%8A%E8%8B%B1%E8%B5%B0%E4%BA%86%23&extparam=%23%E6%AF%9B%E4%B8%BB%E5%B8%AD%E6%8E%A5%E8%A7%81%E8%BF%87%E7%9A%84%E7%AC%AC%E4%B8%80%E4%BB%A3%E5%A5%B3%E4%BA%A4%E8%AD%A6%E9%82%B1%E7%9B%8A%E8%8B%B1%E8%B5%B0%E4%BA%86%23\" data-hide=\"\"><span class=\"surl-text\">#\u6bdb\u4e3b\u5e2d\u63a5\u89c1\u8fc7\u7684\u7b2c\u4e00\u4ee3\u5973\u4ea4\u8b66\u90b1\u76ca\u82f1\u8d70\u4e86#</span></a>\u3011<a  href=\"https://m.weibo.cn/search?containerid=231522type%3D1%26t%3D10%26q%3D%23%E8%87%B4%E6%95%AC%E4%BA%86%E4%B8%8D%E8%B5%B7%E7%9A%84%E5%A5%B9%23&extparam=%23%E8%87%B4%E6%95%AC%E4%BA%86%E4%B8%8D%E8%B5%B7%E7%9A%84%E5%A5%B9%23\" data-hide=\"\"><span class=\"surl-text\">#\u81f4\u656c\u4e86\u4e0d\u8d77\u7684\u5979#</span></a>", "source": "\u5fae\u535a\u7f51\u9875\u7248", "favorited": false, "pic_ids": [], "is_paid": false, "mblog_vip_type": 0, "user": {"id": 1917433500, "screen_name": "\u5e73\u5b89\u6e56\u5317", "profile_image_url": "https://tvax4.sinaimg.cn/crop.0.0.1067.1067.180/0025Lm2Mly8h8w4chd6ezj60tn0tndia02.jpg?KID=imgbed,tva&Expires=1742796886&ssig=WOvlqpBnLo", "profile_url": "https://m.weibo.cn/u/1917433500?", "close_blue_v": false, "description": "\u6e56\u5317\u7701\u516c\u5b89\u5385\u5b98\u65b9\u5fae\u535a\uff0c\u5728\u8fd9\u91cc\u60a8\u53ef\u4ee5\u4e86\u89e3\u5230\u6700\u65b0\u7684\u8b66\u65b9\u8d44\u8baf\u3002\u6b22\u8fce\u60a8\u6536\u542c\u5e76\u7ed9\u6211\u4eec\u63d0\u51fa\u610f\u89c1\u548c\u5efa\u8bae\uff0c\u8c22\u8c22\u652f\u6301\uff01 \u6e29\u99a8\u63d0\u793a\uff1a\u5e7f\u5927\u7f51\u53cb\u5982\u9047\u7d27\u6025\u8b66\u60c5\uff0c\u8bf7\u62e8\u6253\u5f53\u5730110\u62a5\u8b66\u6c42\u52a9\u3002", "follow_me": false, "following": false, "follow_count": 530, "followers_count": "655.9\u4e07", "cover_image_phone": "https://tva1.sinaimg.cn/crop.0.0.640.640.640/549d0121tw1egm1kjly3jj20hs0hsq4f.jpg", "avatar_hd": "https://wx4.sinaimg.cn/orj480/0025Lm2Mly8h8w4chd6ezj60tn0tndia02.jpg", "badge": {"enterprise": 1, "dzwbqlx_2016": 1, "follow_whitelist_video": 1, "league_badge": 1, "panda": 1, "user_name_certificate": 1, "suishoupai_2018": 1, "wenchuan_10th": 1, "qixi_2018": 1, "national_day_2018": 1, "memorial_2018": 1, "fu_2019": 1, "womensday_2018": 1, "suishoupai_2019": 1, "wusi_2019": 1, "hongrenjie_2019": 1, "china_2019": 1, "hongkong_2019": 1, "gongjiri_2019": 1, "macao_2019": 1, "china_2019_2": 1, "hongbao_2020": 2, "feiyan_2020": 1, "graduation_2020": 1, "pc_new": 7, "dailv_2020": 1, "school_2020": 1, "hongrenjie_2020": 1, "china_2020": 1, "lvzhilingyang_2021": 1, "yuanlongping_2021": 1, "ylpshuidao_2021": 1, "gaokao_2021": 1, "party_cardid_state": 2, "kaixue21_2021": 1, "newdongaohui_2022": 1, "nihaochuntian_2022": 1, "video_visible": 1, "iplocationchange_2022": 1, "shuidao_2022": 1, "city_university": 17, "gaokao_2022": 1, "hangmu_2022": 1, "guoqi_2022": 1, "gangqi_2022": 1, "zhongqiujie_2022": 5, "kaixueji_2022": 1, "guoq_2022": 1, "hongrenjie_2022": 1, "gaokao_2023": 1, "duanwujie_2023": 1, "kaixueji_2023": 1, "laoshiyeyeni_2023": 1, "yayunhuiguoqi_2023": 1, "nihaochuntian_2024": 1, "hangmu_2024": 1, "gaokao_2024": 1, "biyeji_2024": 1, "kaixueji_2024": 1, "guoqi1001_2024": 1}, "statuses_count": 72016, "verified": true, "verified_type": 1, "gender": "m", "mbtype": 12, "svip": 0, "urank": 48, "mbrank": 7, "followers_count_str": "655.9\u4e07", "verified_type_ext": 0, "verified_reason": "\u6e56\u5317\u7701\u516c\u5b89\u5385\u5b98\u65b9\u5fae\u535a", "like": false, "like_me": false, "special_follow": false}, "retweeted_status": {"visible": {"type": 0, "list_id": 0}, "mark": "999_reallog_mark_ad:999|WeiboADNatural", "created_at": "Fri Mar 07 18:13:06 +0800 2025", "id": "5141624984179338", "mid": "5141624984179338", "can_edit": false, "text": "\u3010<a  href=\"https://m.weibo.cn/search?containerid=231522type%3D1%26t%3D10%26q%3D%23%E6%AF%9B%E4%B8%BB%E5%B8%AD%E6%8E%A5%E8%A7%81%E8%BF%87%E7%9A%84%E7%AC%AC%E4%B8%80%E4%BB%A3%E5%A5%B3%E4%BA%A4%E8%AD%A6%E9%82%B1%E7%9B%8A%E8%8B%B1%E8%B5%B0%E4%BA%86%23&extparam=%23%E6%AF%9B%E4%B8%BB%E5%B8%AD%E6%8E%A5%E8%A7%81%E8%BF%87%E7%9A%84%E7%AC%AC%E4%B8%80%E4%BB%A3%E5%A5%B3%E4%BA%A4%E8%AD%A6%E9%82%B1%E7%9B%8A%E8%8B%B1%E8%B5%B0%E4%BA%86%23\" data-hide=\"\"><span class=\"surl-text\">#\u6bdb\u4e3b\u5e2d\u63a5\u89c1\u8fc7\u7684\u7b2c\u4e00\u4ee3\u5973\u4ea4\u8b66\u90b1\u76ca\u82f1\u8d70\u4e86#</span></a>\u3011<a  href=\"https://m.weibo.cn/search?containerid=231522type%3D1%26t%3D10%26q%3D%23%E8%87%B4%E6%95%AC%E4%BA%86%E4%B8%8D%E8%B5%B7%E7%9A%84%E5%A5%B9%23&extparam=%23%E8%87%B4%E6%95%AC%E4%BA%86%E4%B8%8D%E8%B5%B7%E7%9A%84%E5%A5%B9%23\" data-hide=\"\"><span class=\"surl-text\">#\u81f4\u656c\u4e86\u4e0d\u8d77\u7684\u5979#</span></a> 2\u670828\u65e5\uff0c\u65b0\u4e2d\u56fd\u7b2c\u4e00\u4ee3\u5973\u4ea4\u8b66\u90b1\u76ca\u82f1\u5728\u6b66\u6c49\u56e0\u75c5\u8f9e\u4e16\uff0c\u4eab\u5e7493\u5c81\u30021958\u5e749\u670814\u65e5\uff0c\u6bdb\u6cfd\u4e1c\u4e3b\u5e2d\u89c6\u5bdf\u6e56\u5317\u6b66\u6c49\u671f\u95f4\uff0c\u5230\u6d2a\u5c71\u793c\u5802\u53c2\u52a0\u665a\u4f1a\uff0c\u5728\u793c\u5802\u5c0f\u4f1a\u8bae\u5ba4\u63a5\u89c1\u4e86\u6b66\u6c49\u5e02\u5987\u5973\u4ee3\u8868\uff0c\u5e02\u516c\u5b89\u5c40\u6c5f\u6c49\u4ea4\u901a\u4e2d\u961f\u4ea4\u901a\u6c11\u8b66\u5973\u5b50\u73ed\u6210\u5458\u90b1\u76ca\u82f1\u5c31\u662f\u5176\u4e2d\u4e4b\u4e00\u3002 ...<a href=\"/status/5141624984179338\">\u5168\u6587</a>", "textLength": 316, "source": "\u5fae\u535a\u89c6\u9891\u53f7", "favorited": false, "pic_ids": [], "is_paid": false, "mblog_vip_type": 0, "user": {"id": 2568309141, "screen_name": "\u8b66\u6c11\u643a\u624b\u540c\u884c", "profile_image_url": "https://tvax1.sinaimg.cn/crop.0.0.1080.1080.180/002NOmwZly8h8vhqbas7oj60u00u0mz902.jpg?KID=imgbed,tva&Expires=1742796886&ssig=CbVhmfqFzR", "profile_url": "https://m.weibo.cn/u/2568309141?", "close_blue_v": false, "description": "\u8fd9\u91cc\u662f\u8b66\u6c11\u6c9f\u901a\u7684\u804a\u5929\u5ba4\uff0c\u8fd9\u91cc\u662f\u8b66\u6c11\u4e92\u52a8\u7684\u5927\u821e\u53f0\u3002\u6211\u4eec\u6bcf\u5929\u5728\u8fd9\u91cc\u5b88\u5019\uff0c\u4e0e\u60a8\u5206\u4eab\u516c\u5171\u5b89\u5168\u90a3\u4e9b\u4e8b\uff0c\u4e0e\u60a8\u5171\u8c31\u8b66\u6c11\u548c\u8c10\u65b0\u7bc7\u7ae0\uff01", "follow_me": false, "following": false, "follow_count": 1467, "followers_count": "465.9\u4e07", "cover_image_phone": "https://wx2.sinaimg.cn/crop.0.0.640.640.640/99154995ly1gdi7jrsremj20yi0yithn.jpg", "avatar_hd": "https://wx1.sinaimg.cn/orj480/002NOmwZly8h8vhqbas7oj60u00u0mz902.jpg", "badge": {"enterprise": 1, "dzwbqlx_2016": 1, "follow_whitelist_video": 1, "user_name_certificate": 1, "suishoupai_2018": 1, "wenchuan_10th": 1, "wenda_v2": 1, "qixi_2018": 1, "national_day_2018": 1, "memorial_2018": 1, "denglong_2019": 1, "womensday_2018": 1, "suishoupai_2019": 1, "wusi_2019": 1, "hongrenjie_2019": 1, "china_2019": 1, "hongkong_2019": 1, "gongjiri_2019": 1, "macao_2019": 1, "china_2019_2": 1, "hongbao_2020": 2, "feiyan_2020": 1, "kangyi_2020": 1, "daka_2020": 1, "graduation_2020": 1, "pc_new": 7, "dailv_2020": 1, "school_2020": 1, "china_2020": 1, "hongbaofeijika_2021": 1, "yuanlongping_2021": 1, "ylpshuidao_2021": 1, "gaokao_2021": 1, "party_cardid_state": 2, "hongbaofei2022_2021": 1, "newdongaohui_2022": 1, "iplocationchange_2022": 1, "city_university": 12, "gaokao_2022": 1, "guoqi_2022": 1, "gangqi_2022": 1, "kaixueji_2022": 1, "guoq_2022": 1, "yaya_panda": 1, "muqinjie_2023": 1, "gaokao_2023": 1, "laoshiyeyeni_2023": 1, "yayunhuiguoqi_2023": 1, "lvzhilingyang_2024": 1, "gaokao_2024": 1, "kaixueji_2024": 1, "guoqi1001_2024": 1}, "statuses_count": 46834, "verified": true, "verified_type": 1, "gender": "f", "mbtype": 12, "svip": 1, "urank": 45, "mbrank": 1, "followers_count_str": "465.9\u4e07", "verified_type_ext": 0, "verified_reason": "\u516c\u5b89\u90e8\u65b0\u95fb\u5ba3\u4f20\u5c40\u5b98\u65b9\u5fae\u535a", "like": false, "like_me": false, "special_follow": false}, "reposts_count": 23, "comments_count": 8, "reprint_cmt_count": 0, "attitudes_count": 10, "mixed_count": 0, "pending_approval_count": 0, "isLongText": true, "show_mlevel": 0, "expire_time": 1741434508, "ad_state": 1, "darwin_tags": [{"object_type": "city", "object_id": "1022:23044100658008642010000000000", "display_name": "\u6b66\u6c49\u540c\u57ce", "enterprise_uid": null, "bd_object_type": "city"}], "ad_marked": false, "mblogtype": 0, "item_category": "status", "rid": "1_0_50_5245826815733547101_0_0_0", "cardid": "star_1624", "number_display_strategy": {"apply_scenario_flag": 19, "display_text_min_number": 1000000, "display_text": "100\u4e07+"}, "content_auth": 0, "is_show_mixed": false, "safe_tags": 2147483648, "comment_manage_info": {"comment_permission_type": -1, "approval_comment_type": 0, "comment_sort_type": 0, "ai_play_picture_type": 0}, "pic_num": 0, "fid": 5141624857296984, "mlevel": 0, "detail_bottom_bar": 0, "page_info": {"type": "video", "object_type": 11, "url_ori": "http://t.cn/A6B7vguS", "page_pic": {"width": "1080", "pid": "002NOmwZly1hz8kklv01cj60u014114l02", "source": "2", "is_self_cover": "1", "type": "0", "url": "https://wx3.sinaimg.cn/orj480/002NOmwZly1hz8kklv01cj60u014114l02.jpg", "height": "1441"}, "page_url": "https://video.weibo.com/show?fid=1034%3A5141624796151861", "object_id": "1034:5141624796151861", "page_title": "\u8b66\u6c11\u643a\u624b\u540c\u884c\u7684\u5fae\u535a\u89c6\u9891", "title": "", "content1": "\u8b66\u6c11\u643a\u624b\u540c\u884c\u7684\u5fae\u535a\u89c6\u9891", "content2": "\u3010#\u6bdb\u4e3b\u5e2d\u63a5\u89c1\u8fc7\u7684\u7b2c\u4e00\u4ee3\u5973\u4ea4\u8b66\u90b1\u76ca\u82f1\u8d70\u4e86#\u3011#\u81f4\u656c\u4e86\u4e0d\u8d77\u7684\u5979# 2\u670828\u65e5\uff0c\u65b0\u4e2d\u56fd\u7b2c\u4e00\u4ee3\u5973\u4ea4\u8b66\u90b1\u76ca\u82f1\u5728\u6b66\u6c49\u56e0\u75c5\u8f9e\u4e16\uff0c\u4eab\u5e7493\u5c81\u30021958\u5e749\u670814\u65e5\uff0c\u6bdb\u6cfd\u4e1c\u4e3b\u5e2d\u89c6\u5bdf\u6e56\u5317\u6b66\u6c49\u671f\u95f4\uff0c\u5230\u6d2a\u5c71\u793c\u5802\u53c2\u52a0\u665a\u4f1a\uff0c\u5728\u793c\u5802\u5c0f\u4f1a\u8bae\u5ba4\u63a5\u89c1\u4e86\u6b66\u6c49\u5e02\u5987\u5973\u4ee3\u8868\uff0c\u5e02\u516c\u5b89\u5c40\u6c5f\u6c49\u4ea4\u901a\u4e2d\u961f\u4ea4\u901a\u6c11\u8b66\u5973\u5b50\u73ed\u6210\u5458\u90b1\u76ca\u82f1\u5c31", "video_orientation": "vertical", "play_count": "9761\u6b21\u64ad\u653e", "media_info": {"stream_url": "https://f.video.weibocdn.com/u0/LxSxGzn4gx08muw9idEA010412001YVP0E010.mp4?label=mp4_ld&template=360x640.24.0&ori=0&ps=1CwnkDw1GXwCQx&Expires=1742789686&ssig=nwWpn9SZ%2FP&KID=unistore,video", "stream_url_hd": "https://f.video.weibocdn.com/u0/SAOmpYAxgx08muw9uEow010412003vRo0E010.mp4?label=mp4_hd&template=540x960.24.0&ori=0&ps=1CwnkDw1GXwCQx&Expires=1742789686&ssig=CqL0q%2FLhDD&KID=unistore,video", "duration": 26.4}, "urls": {"mp4_720p_mp4": "https://f.video.weibocdn.com/u0/d84X3UxEgx08muw9DU3u010412005RB40E010.mp4?label=mp4_720p&template=720x1280.24.0&ori=0&ps=1CwnkDw1GXwCQx&Expires=1742789686&ssig=5qGGCsha%2Fc&KID=unistore,video", "mp4_hd_mp4": "https://f.video.weibocdn.com/u0/SAOmpYAxgx08muw9uEow010412003vRo0E010.mp4?label=mp4_hd&template=540x960.24.0&ori=0&ps=1CwnkDw1GXwCQx&Expires=1742789686&ssig=CqL0q%2FLhDD&KID=unistore,video", "mp4_ld_mp4": "https://f.video.weibocdn.com/u0/LxSxGzn4gx08muw9idEA010412001YVP0E010.mp4?label=mp4_ld&template=360x640.24.0&ori=0&ps=1CwnkDw1GXwCQx&Expires=1742789686&ssig=nwWpn9SZ%2FP&KID=unistore,video"}}, "bid": "PhsR4hxeG"}, "reposts_count": 0, "comments_count": 0, "reprint_cmt_count": 0, "attitudes_count": 0, "mixed_count": 0, "pending_approval_count": 0, "isLongText": false, "show_mlevel": 0, "darwin_tags": [], "ad_marked": false, "mblogtype": 0, "item_category": "status", "rid": "1_0_50_5245826815733547101_0_0_0", "cardid": "star_1624", "extern_safe": 0, "number_display_strategy": {"apply_scenario_flag": 19, "display_text_min_number": 1000000, "display_text": "100\u4e07+"}, "content_auth": 0, "is_show_mixed": false, "comment_manage_info": {"comment_permission_type": -1, "approval_comment_type": 0, "comment_sort_type": 0}, "repost_type": 1, "pic_num": 0, "mlevel": 0, "detail_bottom_bar": 0, "analysis_extra": "mblog_rt_mid:5141624984179338", "mblog_menu_new_style": 0, "raw_text": "\u3010#\u6bdb\u4e3b\u5e2d\u63a5\u89c1\u8fc7\u7684\u7b2c\u4e00\u4ee3\u5973\u4ea4\u8b66\u90b1\u76ca\u82f1\u8d70\u4e86#\u3011#\u81f4\u656c\u4e86\u4e0d\u8d77\u7684\u5979#", "bid": "PhyKJpcoh"}, "show_type": 1, "title": ""}, {"card_type": 9, "card_type_name": "", "itemid": "", "scheme": "https://m.weibo.cn/status/PhysT1C6p?mblogid=PhysT1C6p", "mblog": {"visible": {"type": 0, "list_id": 0}, "created_at": "Sat Mar 08 08:30:00 +0800 2025", "id": "5141840630384797", "mid": "5141840630384797", "can_edit": false, "text": "\u8b66\u8272\u6620\u6625\u5149\uff0c\u5dfe\u5e3c\u7efd\u82b3\u534e\uff01<span class=\"url-icon\"><img alt=[\u5fc3] src=\"https://h5.sinaimg.cn/m/emoticon/icon/others/l_xin-43af9086c0.png\" style=\"width:1em; height:1em;\" /></span> ", "textLength": 28, "source": "\u5fae\u535a\u7f51\u9875\u7248", "favorited": false, "pic_ids": ["0025Lm2Mgy1hz87sr1qv0j60yi22ob2a02"], "thumbnail_pic": "https://wx3.sinaimg.cn/thumbnail/0025Lm2Mgy1hz87sr1qv0j60yi22ob2a02.jpg", "bmiddle_pic": "http://wx3.sinaimg.cn/bmiddle/0025Lm2Mgy1hz87sr1qv0j60yi22ob2a02.jpg", "original_pic": "https://wx3.sinaimg.cn/large/0025Lm2Mgy1hz87sr1qv0j60yi22ob2a02.jpg", "is_paid": false, "mblog_vip_type": 0, "user": {"id": 1917433500, "screen_name": "\u5e73\u5b89\u6e56\u5317", "profile_image_url": "https://tvax4.sinaimg.cn/crop.0.0.1067.1067.180/0025Lm2Mly8h8w4chd6ezj60tn0tndia02.jpg?KID=imgbed,tva&Expires=1742796886&ssig=WOvlqpBnLo", "profile_url": "https://m.weibo.cn/u/1917433500?", "close_blue_v": false, "description": "\u6e56\u5317\u7701\u516c\u5b89\u5385\u5b98\u65b9\u5fae\u535a\uff0c\u5728\u8fd9\u91cc\u60a8\u53ef\u4ee5\u4e86\u89e3\u5230\u6700\u65b0\u7684\u8b66\u65b9\u8d44\u8baf\u3002\u6b22\u8fce\u60a8\u6536\u542c\u5e76\u7ed9\u6211\u4eec\u63d0\u51fa\u610f\u89c1\u548c\u5efa\u8bae\uff0c\u8c22\u8c22\u652f\u6301\uff01 \u6e29\u99a8\u63d0\u793a\uff1a\u5e7f\u5927\u7f51\u53cb\u5982\u9047\u7d27\u6025\u8b66\u60c5\uff0c\u8bf7\u62e8\u6253\u5f53\u5730110\u62a5\u8b66\u6c42\u52a9\u3002", "follow_me": false, "following": false, "follow_count": 530, "followers_count": "655.9\u4e07", "cover_image_phone": "https://tva1.sinaimg.cn/crop.0.0.640.640.640/549d0121tw1egm1kjly3jj20hs0hsq4f.jpg", "avatar_hd": "https://wx4.sinaimg.cn/orj480/0025Lm2Mly8h8w4chd6ezj60tn0tndia02.jpg", "badge": {"enterprise": 1, "dzwbqlx_2016": 1, "follow_whitelist_video": 1, "league_badge": 1, "panda": 1, "user_name_certificate": 1, "suishoupai_2018": 1, "wenchuan_10th": 1, "qixi_2018": 1, "national_day_2018": 1, "memorial_2018": 1, "fu_2019": 1, "womensday_2018": 1, "suishoupai_2019": 1, "wusi_2019": 1, "hongrenjie_2019": 1, "china_2019": 1, "hongkong_2019": 1, "gongjiri_2019": 1, "macao_2019": 1, "china_2019_2": 1, "hongbao_2020": 2, "feiyan_2020": 1, "graduation_2020": 1, "pc_new": 7, "dailv_2020": 1, "school_2020": 1, "hongrenjie_2020": 1, "china_2020": 1, "lvzhilingyang_2021": 1, "yuanlongping_2021": 1, "ylpshuidao_2021": 1, "gaokao_2021": 1, "party_cardid_state": 2, "kaixue21_2021": 1, "newdongaohui_2022": 1, "nihaochuntian_2022": 1, "video_visible": 1, "iplocationchange_2022": 1, "shuidao_2022": 1, "city_university": 17, "gaokao_2022": 1, "hangmu_2022": 1, "guoqi_2022": 1, "gangqi_2022": 1, "zhongqiujie_2022": 5, "kaixueji_2022": 1, "guoq_2022": 1, "hongrenjie_2022": 1, "gaokao_2023": 1, "duanwujie_2023": 1, "kaixueji_2023": 1, "laoshiyeyeni_2023": 1, "yayunhuiguoqi_2023": 1, "nihaochuntian_2024": 1, "hangmu_2024": 1, "gaokao_2024": 1, "biyeji_2024": 1, "kaixueji_2024": 1, "guoqi1001_2024": 1}, "statuses_count": 72016, "verified": true, "verified_type": 1, "gender": "m", "mbtype": 12, "svip": 0, "urank": 48, "mbrank": 7, "followers_count_str": "655.9\u4e07", "verified_type_ext": 0, "verified_reason": "\u6e56\u5317\u7701\u516c\u5b89\u5385\u5b98\u65b9\u5fae\u535a", "like": false, "like_me": false, "special_follow": false}, "reposts_count": 0, "comments_count": 2, "reprint_cmt_count": 0, "attitudes_count": 2, "mixed_count": 0, "pending_approval_count": 0, "isLongText": false, "show_mlevel": 0, "darwin_tags": [], "ad_marked": false, "mblogtype": 0, "item_category": "status", "rid": "2_0_50_5245826815733547101_0_0_0", "cardid": "star_1624", "extern_safe": 0, "number_display_strategy": {"apply_scenario_flag": 19, "display_text_min_number": 1000000, "display_text": "100\u4e07+"}, "content_auth": 0, "is_show_mixed": false, "comment_manage_info": {"comment_permission_type": -1, "approval_comment_type": 0, "comment_sort_type": 0}, "pic_num": 1, "mlevel": 0, "detail_bottom_bar": 0, "mblog_menu_new_style": 0, "pics": [{"pid": "0025Lm2Mgy1hz87sr1qv0j60yi22ob2a02", "url": "https://wx3.sinaimg.cn/orj360/0025Lm2Mgy1hz87sr1qv0j60yi22ob2a02.jpg", "size": "orj360", "geo": {"width": 360, "height": 779, "croped": false}, "large": {"size": "large", "url": "https://wx3.sinaimg.cn/large/0025Lm2Mgy1hz87sr1qv0j60yi22ob2a02.jpg", "geo": {"width": "1242", "height": "2688", "croped": false}}}], "bid": "PhysT1C6p"}, "show_type": 1, "title": ""}, {"card_type": 9, "card_type_name": "", "itemid": "", "scheme": "https://m.weibo.cn/status/PhygI4RUl?mblogid=PhygI4RUl", "mblog": {"visible": {"type": 0, "list_id": 0}, "created_at": "Sat Mar 08 08:00:00 +0800 2025", "id": "5141833081160537", "mid": "5141833081160537", "can_edit": false, "text": "\u65e9\u5b89\uff01 ", "textLength": 6, "source": "\u5fae\u535a\u7f51\u9875\u7248", "favorited": false, "pic_ids": ["0025Lm2Mgy1hz3v3j0hm4j63n82qfnpf02"], "thumbnail_pic": "https://wx2.sinaimg.cn/thumbnail/0025Lm2Mgy1hz3v3j0hm4j63n82qfnpf02.jpg", "bmiddle_pic": "http://wx2.sinaimg.cn/bmiddle/0025Lm2Mgy1hz3v3j0hm4j63n82qfnpf02.jpg", "original_pic": "https://wx2.sinaimg.cn/large/0025Lm2Mgy1hz3v3j0hm4j63n82qfnpf02.jpg", "is_paid": false, "mblog_vip_type": 0, "user": {"id": 1917433500, "screen_name": "\u5e73\u5b89\u6e56\u5317", "profile_image_url": "https://tvax4.sinaimg.cn/crop.0.0.1067.1067.180/0025Lm2Mly8h8w4chd6ezj60tn0tndia02.jpg?KID=imgbed,tva&Expires=1742796886&ssig=WOvlqpBnLo", "profile_url": "https://m.weibo.cn/u/1917433500?", "close_blue_v": false, "description": "\u6e56\u5317\u7701\u516c\u5b89\u5385\u5b98\u65b9\u5fae\u535a\uff0c\u5728\u8fd9\u91cc\u60a8\u53ef\u4ee5\u4e86\u89e3\u5230\u6700\u65b0\u7684\u8b66\u65b9\u8d44\u8baf\u3002\u6b22\u8fce\u60a8\u6536\u542c\u5e76\u7ed9\u6211\u4eec\u63d0\u51fa\u610f\u89c1\u548c\u5efa\u8bae\uff0c\u8c22\u8c22\u652f\u6301\uff01 \u6e29\u99a8\u63d0\u793a\uff1a\u5e7f\u5927\u7f51\u53cb\u5982\u9047\u7d27\u6025\u8b66\u60c5\uff0c\u8bf7\u62e8\u6253\u5f53\u5730110\u62a5\u8b66\u6c42\u52a9\u3002", "follow_me": false, "following": false, "follow_count": 530, "followers_count": "655.9\u4e07", "cover_image_phone": "https://tva1.sinaimg.cn/crop.0.0.640.640.640/549d0121tw1egm1kjly3jj20hs0hsq4f.jpg", "avatar_hd": "https://wx4.sinaimg.cn/orj480/0025Lm2Mly8h8w4chd6ezj60tn0tndia02.jpg", "badge": {"enterprise": 1, "dzwbqlx_2016": 1, "follow_whitelist_video": 1, "league_badge": 1, "panda": 1, "user_name_certificate": 1, "suishoupai_2018": 1, "wenchuan_10th": 1, "qixi_2018": 1, "national_day_2018": 1, "memorial_2018": 1, "fu_2019": 1, "womensday_2018": 1, "suishoupai_2019": 1, "wusi_2019": 1, "hongrenjie_2019": 1, "china_2019": 1, "hongkong_2019": 1, "gongjiri_2019": 1, "macao_2019": 1, "china_2019_2": 1, "hongbao_2020": 2, "feiyan_2020": 1, "graduation_2020": 1, "pc_new": 7, "dailv_2020": 1, "school_2020": 1, "hongrenjie_2020": 1, "china_2020": 1, "lvzhilingyang_2021": 1, "yuanlongping_2021": 1, "ylpshuidao_2021": 1, "gaokao_2021": 1, "party_cardid_state": 2, "kaixue21_2021": 1, "newdongaohui_2022": 1, "nihaochuntian_2022": 1, "video_visible": 1, "iplocationchange_2022": 1, "shuidao_2022": 1, "city_university": 17, "gaokao_2022": 1, "hangmu_2022": 1, "guoqi_2022": 1, "gangqi_2022": 1, "zhongqiujie_2022": 5, "kaixueji_2022": 1, "guoq_2022": 1, "hongrenjie_2022": 1, "gaokao_2023": 1, "duanwujie_2023": 1, "kaixueji_2023": 1, "laoshiyeyeni_2023": 1, "yayunhuiguoqi_2023": 1, "nihaochuntian_2024": 1, "hangmu_2024": 1, "gaokao_2024": 1, "biyeji_2024": 1, "kaixueji_2024": 1, "guoqi1001_2024": 1}, "statuses_count": 72016, "verified": true, "verified_type": 1, "gender": "m", "mbtype": 12, "svip": 0, "urank": 48, "mbrank": 7, "followers_count_str": "655.9\u4e07", "verified_type_ext": 0, "verified_reason": "\u6e56\u5317\u7701\u516c\u5b89\u5385\u5b98\u65b9\u5fae\u535a", "like": false, "like_me": false, "special_follow": false}, "reposts_count": 0, "comments_count": 5, "reprint_cmt_count": 0, "attitudes_count": 2, "mixed_count": 0, "pending_approval_count": 0, "isLongText": false, "show_mlevel": 0, "darwin_tags": [], "ad_marked": false, "mblogtype": 0, "item_category": "status", "rid": "3_0_50_5245826815733547101_0_0_0", "cardid": "star_1624", "extern_safe": 0, "number_display_strategy": {"apply_scenario_flag": 19, "display_text_min_number": 1000000, "display_text": "100\u4e07+"}, "content_auth": 0, "is_show_mixed": false, "comment_manage_info": {"comment_permission_type": -1, "approval_comment_type": 0, "comment_sort_type": 0}, "pic_num": 1, "mlevel": 0, "detail_bottom_bar": 0, "mblog_menu_new_style": 0, "pics": [{"pid": "0025Lm2Mgy1hz3v3j0hm4j63n82qfnpf02", "url": "https://wx2.sinaimg.cn/orj360/0025Lm2Mgy1hz3v3j0hm4j63n82qfnpf02.jpg", "size": "orj360", "geo": {"width": 360, "height": 270, "croped": false}, "large": {"size": "large", "url": "https://wx2.sinaimg.cn/large/0025Lm2Mgy1hz3v3j0hm4j63n82qfnpf02.jpg", "geo": {"width": 2048, "height": 1536, "croped": false}}}], "bid": "PhygI4RUl"}, "show_type": 1, "title": ""}, {"card_type": 9, "card_type_name": "", "itemid": "", "scheme": "https://m.weibo.cn/status/PhtjQuwoK?mblogid=PhtjQuwoK", "mblog": {"visible": {"type": 0, "list_id": 0}, "created_at": "Fri Mar 07 19:24:00 +0800 2025", "id": "5141642827274382", "mid": "5141642827274382", "can_edit": false, "text": "\u3010\u6551\u56de\u4e00\u547d\uff01<span class=\"url-icon\"><img alt=[\u7ed9\u529b] src=\"https://h5.sinaimg.cn/m/emoticon/icon/others/f_geili-78be8d9152.png\" style=\"width:1em; height:1em;\" /></span>\u62a4\u5b66\u5c97\u8f85\u8b6610\u4f59\u79d2\u4e0a\u6f14\u201c\u6559\u79d1\u4e66\u5f0f\u201d \u6025\u6551\uff01\u30113\u67085\u65e518\u65f610\u5206\uff0c\u6b63\u662f\u5c0f\u5b66\u653e\u5b66\u65f6\u6bb5\uff0c\u5b66\u6821\u4e0d\u8fdc\u5904\u53d1\u751f\u5b66\u751f\u805a\u96c6\u3002\u5f00\u5c55\u201c\u62a4\u5b66\u5c97\u201d\u7684\u6500\u679d\u82b1\u5e02\u516c\u5b89\u5c40\u9492\u949b\u9ad8\u65b0\u533a\u5206\u5c40\u7279\u5de1\u8b66\u5927\u961f\u6267\u52e4\u8b66\u529b\u524d\u5f80\u67e5\u770b\u53d1\u73b0\uff0c\u4e00\u7537\u5b69\u51fa\u73b0\u547c\u5438\u56f0\u96be\uff0c\u8138\u8272\u51e0\u4e4e\u77ac\u95f4\u7531\u7ea2\u53d8\u7d2b\uff0c\u5468\u56f4\u7fa4\u4f17\u79f0\u7537\u5b69\u662f\u88ab\u521a\u521a\u5403\u4e0b\u7684\u4e00\u56e2\u98df\u7269\u5361\u5589\u3002\u8f85 ...<a href=\"/status/5141642827274382\">\u5168\u6587</a>", "textLength": 377, "source": "\u5fae\u535a\u89c6\u9891\u53f7", "favorited": false, "pic_ids": [], "is_paid": false, "mblog_vip_type": 0, "user": {"id": 1917433500, "screen_name": "\u5e73\u5b89\u6e56\u5317", "profile_image_url": "https://tvax4.sinaimg.cn/crop.0.0.1067.1067.180/0025Lm2Mly8h8w4chd6ezj60tn0tndia02.jpg?KID=imgbed,tva&Expires=1742796886&ssig=WOvlqpBnLo", "profile_url": "https://m.weibo.cn/u/1917433500?", "close_blue_v": false, "description": "\u6e56\u5317\u7701\u516c\u5b89\u5385\u5b98\u65b9\u5fae\u535a\uff0c\u5728\u8fd9\u91cc\u60a8\u53ef\u4ee5\u4e86\u89e3\u5230\u6700\u65b0\u7684\u8b66\u65b9\u8d44\u8baf\u3002\u6b22\u8fce\u60a8\u6536\u542c\u5e76\u7ed9\u6211\u4eec\u63d0\u51fa\u610f\u89c1\u548c\u5efa\u8bae\uff0c\u8c22\u8c22\u652f\u6301\uff01 \u6e29\u99a8\u63d0\u793a\uff1a\u5e7f\u5927\u7f51\u53cb\u5982\u9047\u7d27\u6025\u8b66\u60c5\uff0c\u8bf7\u62e8\u6253\u5f53\u5730110\u62a5\u8b66\u6c42\u52a9\u3002", "follow_me": false, "following": false, "follow_count": 530, "followers_count": "655.9\u4e07", "cover_image_phone": "https://tva1.sinaimg.cn/crop.0.0.640.640.640/549d0121tw1egm1kjly3jj20hs0hsq4f.jpg", "avatar_hd": "https://wx4.sinaimg.cn/orj480/0025Lm2Mly8h8w4chd6ezj60tn0tndia02.jpg", "badge": {"enterprise": 1, "dzwbqlx_2016": 1, "follow_whitelist_video": 1, "league_badge": 1, "panda": 1, "user_name_certificate": 1, "suishoupai_2018": 1, "wenchuan_10th": 1, "qixi_2018": 1, "national_day_2018": 1, "memorial_2018": 1, "fu_2019": 1, "womensday_2018": 1, "suishoupai_2019": 1, "wusi_2019": 1, "hongrenjie_2019": 1, "china_2019": 1, "hongkong_2019": 1, "gongjiri_2019": 1, "macao_2019": 1, "china_2019_2": 1, "hongbao_2020": 2, "feiyan_2020": 1, "graduation_2020": 1, "pc_new": 7, "dailv_2020": 1, "school_2020": 1, "hongrenjie_2020": 1, "china_2020": 1, "lvzhilingyang_2021": 1, "yuanlongping_2021": 1, "ylpshuidao_2021": 1, "gaokao_2021": 1, "party_cardid_state": 2, "kaixue21_2021": 1, "newdongaohui_2022": 1, "nihaochuntian_2022": 1, "video_visible": 1, "iplocationchange_2022": 1, "shuidao_2022": 1, "city_university": 17, "gaokao_2022": 1, "hangmu_2022": 1, "guoqi_2022": 1, "gangqi_2022": 1, "zhongqiujie_2022": 5, "kaixueji_2022": 1, "guoq_2022": 1, "hongrenjie_2022": 1, "gaokao_2023": 1, "duanwujie_2023": 1, "kaixueji_2023": 1, "laoshiyeyeni_2023": 1, "yayunhuiguoqi_2023": 1, "nihaochuntian_2024": 1, "hangmu_2024": 1, "gaokao_2024": 1, "biyeji_2024": 1, "kaixueji_2024": 1, "guoqi1001_2024": 1}, "statuses_count": 72016, "verified": true, "verified_type": 1, "gender": "m", "mbtype": 12, "svip": 0, "urank": 48, "mbrank": 7, "followers_count_str": "655.9\u4e07", "verified_type_ext": 0, "verified_reason": "\u6e56\u5317\u7701\u516c\u5b89\u5385\u5b98\u65b9\u5fae\u535a", "like": false, "like_me": false, "special_follow": false}, "reposts_count": 1, "comments_count": 0, "reprint_cmt_count": 0, "attitudes_count": 0, "mixed_count": 0, "pending_approval_count": 0, "isLongText": true, "show_mlevel": 0, "darwin_tags": [], "ad_marked": false, "mblogtype": 0, "item_category": "status", "rid": "4_0_50_5245826815733547101_0_0_0", "cardid": "star_1624", "extern_safe": 0, "number_display_strategy": {"apply_scenario_flag": 19, "display_text_min_number": 1000000, "display_text": "100\u4e07+"}, "content_auth": 0, "is_show_mixed": false, "comment_manage_info": {"comment_permission_type": -1, "approval_comment_type": 0, "comment_sort_type": 0}, "pic_num": 0, "mlevel": 0, "detail_bottom_bar": 0, "mblog_menu_new_style": 0, "page_info": {"type": "video", "object_type": 11, "url_ori": "http://t.cn/A6BPplHD", "page_pic": {"width": "0", "pid": "d0861042gy1hz87i3buocj20u01g7n0u", "source": "11", "is_self_cover": "0", "type": "-1", "url": "https://wx2.sinaimg.cn/orj480/d0861042gy1hz87i3buocj20u01g7n0u.jpg", "height": "0"}, "page_url": "https://video.weibo.com/show?fid=1034%3A5141510400966716", "object_id": "1034:5141510400966716", "page_title": "\u56db\u5ddd\u516c\u5b89\u7684\u5fae\u535a\u89c6\u9891", "title": "", "content1": "\u56db\u5ddd\u516c\u5b89\u7684\u5fae\u535a\u89c6\u9891", "content2": "\u3010\u6551\u56de\u4e00\u547d\uff01[\u7ed9\u529b]\u62a4\u5b66\u5c97\u8f85\u8b6610\u4f59\u79d2\u4e0a\u6f14\u201c\u6559\u79d1\u4e66\u5f0f\u201d \u6025\u6551\uff01\u30113\u67085\u65e518\u65f610\u5206\uff0c\u6b63\u662f\u5c0f\u5b66\u653e\u5b66\u65f6\u6bb5\uff0c\u5b66\u6821\u4e0d\u8fdc\u5904\u53d1\u751f\u5b66\u751f\u805a\u96c6\u3002\u5f00\u5c55\u201c\u62a4\u5b66\u5c97\u201d\u7684\u6500\u679d\u82b1\u5e02\u516c\u5b89\u5c40\u9492\u949b\u9ad8\u65b0\u533a\u5206\u5c40\u7279\u5de1\u8b66\u5927\u961f\u6267\u52e4\u8b66\u529b\u524d\u5f80\u67e5\u770b\u53d1\u73b0\uff0c\u4e00\u7537\u5b69\u51fa\u73b0\u547c\u5438\u56f0\u96be\uff0c\u8138\u8272\u51e0\u4e4e\u77ac\u95f4\u7531\u7ea2\u53d8\u7d2b\uff0c\u5468\u56f4\u7fa4\u4f17\u79f0\u7537\u5b69\u662f\u88ab\u521a\u521a\u5403\u4e0b\u7684\u4e00\u56e2\u98df", "video_orientation": "vertical", "play_count": "9097\u6b21\u64ad\u653e", "media_info": {"stream_url": "https://f.video.weibocdn.com/o0/dTg9WYQUlx08mu0U1UZO010412003F9R0E010.mp4?label=mp4_ld&template=360x624.24.0&ori=0&ps=1CwnkDw1GXwCQx&Expires=1742789686&ssig=FcPAj1Sq4J&KID=unistore,video", "stream_url_hd": "https://f.video.weibocdn.com/o0/EPQBAsk9lx08mu0TYwo80104120041yo0E010.mp4?label=mp4_hd&template=368x640.24.0&ori=0&ps=1CwnkDw1GXwCQx&Expires=1742789686&ssig=P2indZoloZ&KID=unistore,video", "duration": 22.291}, "urls": {"mp4_ld_mp4": "https://f.video.weibocdn.com/o0/dTg9WYQUlx08mu0U1UZO010412003F9R0E010.mp4?label=mp4_ld&template=360x624.24.0&ori=0&ps=1CwnkDw1GXwCQx&Expires=1742789686&ssig=FcPAj1Sq4J&KID=unistore,video", "mp4_hd_mp4": "https://f.video.weibocdn.com/o0/EPQBAsk9lx08mu0TYwo80104120041yo0E010.mp4?label=mp4_hd&template=368x640.24.0&ori=0&ps=1CwnkDw1GXwCQx&Expires=1742789686&ssig=P2indZoloZ&KID=unistore,video"}}, "bid": "PhtjQuwoK"}, "show_type": 1, "title": ""}, {"card_type": 9, "card_type_name": "", "itemid": "", "scheme": "https://m.weibo.cn/status/Pht1ZfSnZ?mblogid=Pht1ZfSnZ", "mblog": {"visible": {"type": 0, "list_id": 0}, "created_at": "Fri Mar 07 18:40:00 +0800 2025", "id": "5141631753783983", "mid": "5141631753783983", "can_edit": false, "text": "\u3010\u592a\u5371\u9669\uff01<a  href=\"https://m.weibo.cn/search?containerid=231522type%3D1%26t%3D10%26q%3D%23%E7%94%B7%E5%AD%90%E9%AB%98%E9%80%9F%E5%BC%80%E8%BD%A6%E4%BD%8E%E5%A4%B43%E7%A7%92%E6%92%9E%E4%B8%8A%E5%89%8D%E8%BD%A6%23&extparam=%23%E7%94%B7%E5%AD%90%E9%AB%98%E9%80%9F%E5%BC%80%E8%BD%A6%E4%BD%8E%E5%A4%B43%E7%A7%92%E6%92%9E%E4%B8%8A%E5%89%8D%E8%BD%A6%23\" data-hide=\"\"><span class=\"surl-text\">#\u7537\u5b50\u9ad8\u901f\u5f00\u8f66\u4f4e\u59343\u79d2\u649e\u4e0a\u524d\u8f66#</span></a>\u30113\u67087\u65e5\uff0c\u5728\u676d\u65b0\u666f\u9ad8\u901f\u6d59\u6c5f\u65b0\u5b89\u6c5f\u67a2\u7ebd\u8def\u6bb5\uff0c\u4e00\u5c0f\u8f66\u9a7e\u9a76\u5458\u4f4e\u5934\u6361\u6253\u706b\u673a\u5206\u5fc3\u9a7e\u9a76\uff0c\u5bfc\u81f4\u4e0e\u524d\u65b9\u6b63\u5e38\u9a7e\u9a76\u7684\u8d27\u8f66\u53d1\u751f\u8ffd\u5c3e\u4e8b\u6545\u3002\u968f\u540e\u4ea4\u8b66\u5230\u573a\uff0c\u4f53\u6cd5\u5224\u5b9a\u5218\u67d0\u627f\u62c5\u4e8b\u6545\u5168\u90e8\u8d23\u4efb\u5904\u4ee5\u7f5a\u6b3e200\u5143\u3001\u9a7e\u9a76\u8bc1\u8bb03\u5206\u3002\u4e8b\u6545\u6ca1\u6709\u9020\u6210\u4eba\u5458\u4f24\u4ea1\u3002\u4ea4\u8b66\u63d0\u9192\uff1a\u9ad8\u901f\u884c\u8f66\u5207\u52ff\u5206\u5fc3\u9a7e\u9a76\uff01 ...<a href=\"/status/5141631753783983\">\u5168\u6587</a>", "textLength": 297, "source": "\u5fae\u535a\u89c6\u9891\u53f7", "favorited": false, "pic_ids": [], "is_paid": false, "mblog_vip_type": 0, "user": {"id": 1917433500, "screen_name": "\u5e73\u5b89\u6e56\u5317", "profile_image_url": "https://tvax4.sinaimg.cn/crop.0.0.1067.1067.180/0025Lm2Mly8h8w4chd6ezj60tn0tndia02.jpg?KID=imgbed,tva&Expires=1742796886&ssig=WOvlqpBnLo", "profile_url": "https://m.weibo.cn/u/1917433500?", "close_blue_v": false, "description": "\u6e56\u5317\u7701\u516c\u5b89\u5385\u5b98\u65b9\u5fae\u535a\uff0c\u5728\u8fd9\u91cc\u60a8\u53ef\u4ee5\u4e86\u89e3\u5230\u6700\u65b0\u7684\u8b66\u65b9\u8d44\u8baf\u3002\u6b22\u8fce\u60a8\u6536\u542c\u5e76\u7ed9\u6211\u4eec\u63d0\u51fa\u610f\u89c1\u548c\u5efa\u8bae\uff0c\u8c22\u8c22\u652f\u6301\uff01 \u6e29\u99a8\u63d0\u793a\uff1a\u5e7f\u5927\u7f51\u53cb\u5982\u9047\u7d27\u6025\u8b66\u60c5\uff0c\u8bf7\u62e8\u6253\u5f53\u5730110\u62a5\u8b66\u6c42\u52a9\u3002", "follow_me": false, "following": false, "follow_count": 530, "followers_count": "655.9\u4e07", "cover_image_phone": "https://tva1.sinaimg.cn/crop.0.0.640.640.640/549d0121tw1egm1kjly3jj20hs0hsq4f.jpg", "avatar_hd": "https://wx4.sinaimg.cn/orj480/0025Lm2Mly8h8w4chd6ezj60tn0tndia02.jpg", "badge": {"enterprise": 1, "dzwbqlx_2016": 1, "follow_whitelist_video": 1, "league_badge": 1, "panda": 1, "user_name_certificate": 1, "suishoupai_2018": 1, "wenchuan_10th": 1, "qixi_2018": 1, "national_day_2018": 1, "memorial_2018": 1, "fu_2019": 1, "womensday_2018": 1, "suishoupai_2019": 1, "wusi_2019": 1, "hongrenjie_2019": 1, "china_2019": 1, "hongkong_2019": 1, "gongjiri_2019": 1, "macao_2019": 1, "china_2019_2": 1, "hongbao_2020": 2, "feiyan_2020": 1, "graduation_2020": 1, "pc_new": 7, "dailv_2020": 1, "school_2020": 1, "hongrenjie_2020": 1, "china_2020": 1, "lvzhilingyang_2021": 1, "yuanlongping_2021": 1, "ylpshuidao_2021": 1, "gaokao_2021": 1, "party_cardid_state": 2, "kaixue21_2021": 1, "newdongaohui_2022": 1, "nihaochuntian_2022": 1, "video_visible": 1, "iplocationchange_2022": 1, "shuidao_2022": 1, "city_university": 17, "gaokao_2022": 1, "hangmu_2022": 1, "guoqi_2022": 1, "gangqi_2022": 1, "zhongqiujie_2022": 5, "kaixueji_2022": 1, "guoq_2022": 1, "hongrenjie_2022": 1, "gaokao_2023": 1, "duanwujie_2023": 1, "kaixueji_2023": 1, "laoshiyeyeni_2023": 1, "yayunhuiguoqi_2023": 1, "nihaochuntian_2024": 1, "hangmu_2024": 1, "gaokao_2024": 1, "biyeji_2024": 1, "kaixueji_2024": 1, "guoqi1001_2024": 1}, "statuses_count": 72016, "verified": true, "verified_type": 1, "gender": "m", "mbtype": 12, "svip": 0, "urank": 48, "mbrank": 7, "followers_count_str": "655.9\u4e07", "verified_type_ext": 0, "verified_reason": "\u6e56\u5317\u7701\u516c\u5b89\u5385\u5b98\u65b9\u5fae\u535a", "like": false, "like_me": false, "special_follow": false}, "reposts_count": 0, "comments_count": 0, "reprint_cmt_count": 0, "attitudes_count": 0, "mixed_count": 0, "pending_approval_count": 0, "isLongText": true, "show_mlevel": 0, "darwin_tags": [], "ad_marked": false, "mblogtype": 0, "item_category": "status", "rid": "5_0_50_5245826815733547101_0_0_0", "cardid": "star_1624", "extern_safe": 0, "number_display_strategy": {"apply_scenario_flag": 19, "display_text_min_number": 1000000, "display_text": "100\u4e07+"}, "content_auth": 0, "is_show_mixed": false, "comment_manage_info": {"comment_permission_type": -1, "approval_comment_type": 0, "comment_sort_type": 0}, "pic_num": 0, "mlevel": 0, "detail_bottom_bar": 0, "mblog_menu_new_style": 0, "page_info": {"type": "video", "object_type": 11, "url_ori": "http://t.cn/A6BPHOiR", "page_pic": {"width": "480", "pid": "6b0e1e9dly1hz886shtojj20u01hcwh1", "source": "21", "is_self_cover": "0", "type": "0", "url": "https://wx2.sinaimg.cn/orj480/6b0e1e9dly1hz886shtojj20u01hcwh1.jpg", "height": "853"}, "page_url": "https://video.weibo.com/show?fid=1034%3A5141516948275236", "object_id": "1034:5141516948275236", "page_title": "\u8354\u679d\u65b0\u95fb\u7684\u5fae\u535a\u89c6\u9891", "title": "\u7537\u5b50\u9ad8\u901f\u5f00\u8f66\u4f4e\u59343\u79d2\u649e\u4e0a\u524d\u8f66", "content1": "\u8354\u679d\u65b0\u95fb\u7684\u5fae\u535a\u89c6\u9891", "content2": "\u3010\u592a\u5371\u9669\uff01#\u7537\u5b50\u9ad8\u901f\u5f00\u8f66\u4f4e\u59343\u79d2\u649e\u4e0a\u524d\u8f66#\u30113\u67087\u65e5\uff0c\u5728\u676d\u65b0\u666f\u9ad8\u901f\u6d59\u6c5f\u65b0\u5b89\u6c5f\u67a2\u7ebd\u8def\u6bb5\uff0c\u4e00\u5c0f\u8f66\u9a7e\u9a76\u5458\u4f4e\u5934\u6361\u6253\u706b\u673a\u5206\u5fc3\u9a7e\u9a76\uff0c\u5bfc\u81f4\u4e0e\u524d\u65b9\u6b63\u5e38\u9a7e\u9a76\u7684\u8d27\u8f66\u53d1\u751f\u8ffd\u5c3e\u4e8b\u6545\u3002\u968f\u540e\u4ea4\u8b66\u5230\u573a\uff0c\u4f53\u6cd5\u5224\u5b9a\u5218\u67d0\u627f\u62c5\u4e8b\u6545\u5168\u90e8\u8d23\u4efb\u5904\u4ee5\u7f5a\u6b3e200\u5143\u3001\u9a7e\u9a76\u8bc1\u8bb03\u5206\u3002\u4e8b\u6545\u6ca1\u6709\u9020\u6210\u4eba\u5458\u4f24\u4ea1\u3002\u4ea4\u8b66\u63d0\u9192\uff1a\u9ad8\u901f\u884c\u8f66\u5207\u52ff\u5206\u5fc3", "video_orientation": "vertical", "play_count": "5373\u6b21\u64ad\u653e", "media_info": {"stream_url": "https://f.video.weibocdn.com/o0/S6vB7w2alx08mu2ItchW010412002FQQ0E010.mp4?label=mp4_ld&template=360x640.24.0&ori=0&ps=1CwnkDw1GXwCQx&Expires=1742789686&ssig=BrYyaM37OU&KID=unistore,video", "stream_url_hd": "https://f.video.weibocdn.com/o0/g042alPalx08mu2It2Vi010412004LwV0E010.mp4?label=mp4_hd&template=540x960.24.0&ori=0&ps=1CwnkDw1GXwCQx&Expires=1742789686&ssig=q7yr1MXXNn&KID=unistore,video", "duration": 15.836}, "urls": {"mp4_720p_mp4": "https://f.video.weibocdn.com/o0/1LTOBqLOlx08mu2JfUpi010412007CVW0E010.mp4?label=mp4_720p&template=720x1280.24.0&ori=0&ps=1CwnkDw1GXwCQx&Expires=1742789686&ssig=w2GQ3sonjj&KID=unistore,video", "mp4_ld_mp4": "https://f.video.weibocdn.com/o0/S6vB7w2alx08mu2ItchW010412002FQQ0E010.mp4?label=mp4_ld&template=360x640.24.0&ori=0&ps=1CwnkDw1GXwCQx&Expires=1742789686&ssig=BrYyaM37OU&KID=unistore,video", "mp4_hd_mp4": "https://f.video.weibocdn.com/o0/g042alPalx08mu2It2Vi010412004LwV0E010.mp4?label=mp4_hd&template=540x960.24.0&ori=0&ps=1CwnkDw1GXwCQx&Expires=1742789686&ssig=q7yr1MXXNn&KID=unistore,video"}}, "bid": "Pht1ZfSnZ"}, "show_type": 1, "title": ""}, {"card_type": 9, "card_type_name": "", "itemid": "", "scheme": "https://m.weibo.cn/status/PhsLlqvGZ?mblogid=PhsLlqvGZ", "mblog": {"visible": {"type": 0, "list_id": 0}, "created_at": "Fri Mar 07 17:59:00 +0800 2025", "id": "5141621436318357", "mid": "5141621436318357", "can_edit": false, "text": "\u3010<a  href=\"https://m.weibo.cn/search?containerid=231522type%3D1%26t%3D10%26q%3D%23%E6%B0%91%E8%AD%A6%E9%9A%94%E7%A9%BA%E5%8A%9D%E6%8A%95%E9%AA%97%E5%AD%90%E6%90%BA18%E4%B8%87%E8%87%AA%E9%A6%96%23&extparam=%23%E6%B0%91%E8%AD%A6%E9%9A%94%E7%A9%BA%E5%8A%9D%E6%8A%95%E9%AA%97%E5%AD%90%E6%90%BA18%E4%B8%87%E8%87%AA%E9%A6%96%23\" data-hide=\"\"><span class=\"surl-text\">#\u6c11\u8b66\u9694\u7a7a\u529d\u6295\u9a97\u5b50\u643a18\u4e07\u81ea\u9996#</span></a>\u3011<a  href=\"https://m.weibo.cn/search?containerid=231522type%3D1%26t%3D10%26q%3D%23%E5%86%92%E5%85%85%E5%86%9B%E5%AE%98%E8%AF%88%E9%AA%9718%E4%B8%87%E8%AD%A6%E6%96%B9%E9%9A%94%E7%A9%BA%E5%8A%9D%E6%8A%95%E5%85%A8%E8%BF%BD%E5%9B%9E%23&extparam=%23%E5%86%92%E5%85%85%E5%86%9B%E5%AE%98%E8%AF%88%E9%AA%9718%E4%B8%87%E8%AD%A6%E6%96%B9%E9%9A%94%E7%A9%BA%E5%8A%9D%E6%8A%95%E5%85%A8%E8%BF%BD%E5%9B%9E%23\" data-hide=\"\"><span class=\"surl-text\">#\u5192\u5145\u519b\u5b98\u8bc8\u9a9718\u4e07\u8b66\u65b9\u9694\u7a7a\u529d\u6295\u5168\u8ffd\u56de#</span></a>\u8fd1\u65e5\uff0c\u6cb3\u5357\u90d1\u5dde\u65b0\u5bc6\u5e02\u53d1\u751f\u4e86\u4e00\u8d77\u5192\u5145\u519b\u5b98\u8bc8\u9a97\u7684\u6848\u4ef6\u3002\u4e00\u540d\u7537\u5b50\u4f2a\u88c5\u6210\u519b\u5b98\uff0c\u4ee5\u6295\u8d44\u7406\u8d22\u4e3a\u5e4c\u5b50\uff0c\u9a97\u53d6\u4e86\u4e00\u540d\u5973\u5b5018\u4e07\u5143\u3002\u8b66\u65b9\u5728\u53d1\u73b0\u5f02\u5e38\u540e\uff0c\u8fc5\u901f\u8054\u7cfb\u8bc8\u9a97\u5206\u5b50\uff0c\u901a\u8fc7\u6253\u7535\u8bdd\u7684\u65b9\u5f0f\u9694\u7a7a\u529d\u5176\u4e3b\u52a8\u6295\u6848\u3002\u6c11\u8b66\u8868\u793a\uff1a\u201c\u53ca\u65f6\u6536\u624b\uff0c\u8d76\u7d27\u628a\u94b1\u9001 ...<a href=\"/status/5141621436318357\">\u5168\u6587</a>", "textLength": 464, "source": "\u5fae\u535a\u89c6\u9891\u53f7", "favorited": false, "pic_ids": [], "is_paid": false, "mblog_vip_type": 0, "user": {"id": 1917433500, "screen_name": "\u5e73\u5b89\u6e56\u5317", "profile_image_url": "https://tvax4.sinaimg.cn/crop.0.0.1067.1067.180/0025Lm2Mly8h8w4chd6ezj60tn0tndia02.jpg?KID=imgbed,tva&Expires=1742796886&ssig=WOvlqpBnLo", "profile_url": "https://m.weibo.cn/u/1917433500?", "close_blue_v": false, "description": "\u6e56\u5317\u7701\u516c\u5b89\u5385\u5b98\u65b9\u5fae\u535a\uff0c\u5728\u8fd9\u91cc\u60a8\u53ef\u4ee5\u4e86\u89e3\u5230\u6700\u65b0\u7684\u8b66\u65b9\u8d44\u8baf\u3002\u6b22\u8fce\u60a8\u6536\u542c\u5e76\u7ed9\u6211\u4eec\u63d0\u51fa\u610f\u89c1\u548c\u5efa\u8bae\uff0c\u8c22\u8c22\u652f\u6301\uff01 \u6e29\u99a8\u63d0\u793a\uff1a\u5e7f\u5927\u7f51\u53cb\u5982\u9047\u7d27\u6025\u8b66\u60c5\uff0c\u8bf7\u62e8\u6253\u5f53\u5730110\u62a5\u8b66\u6c42\u52a9\u3002", "follow_me": false, "following": false, "follow_count": 530, "followers_count": "655.9\u4e07", "cover_image_phone": "https://tva1.sinaimg.cn/crop.0.0.640.640.640/549d0121tw1egm1kjly3jj20hs0hsq4f.jpg", "avatar_hd": "https://wx4.sinaimg.cn/orj480/0025Lm2Mly8h8w4chd6ezj60tn0tndia02.jpg", "badge": {"enterprise": 1, "dzwbqlx_2016": 1, "follow_whitelist_video": 1, "league_badge": 1, "panda": 1, "user_name_certificate": 1, "suishoupai_2018": 1, "wenchuan_10th": 1, "qixi_2018": 1, "national_day_2018": 1, "memorial_2018": 1, "fu_2019": 1, "womensday_2018": 1, "suishoupai_2019": 1, "wusi_2019": 1, "hongrenjie_2019": 1, "china_2019": 1, "hongkong_2019": 1, "gongjiri_2019": 1, "macao_2019": 1, "china_2019_2": 1, "hongbao_2020": 2, "feiyan_2020": 1, "graduation_2020": 1, "pc_new": 7, "dailv_2020": 1, "school_2020": 1, "hongrenjie_2020": 1, "china_2020": 1, "lvzhilingyang_2021": 1, "yuanlongping_2021": 1, "ylpshuidao_2021": 1, "gaokao_2021": 1, "party_cardid_state": 2, "kaixue21_2021": 1, "newdongaohui_2022": 1, "nihaochuntian_2022": 1, "video_visible": 1, "iplocationchange_2022": 1, "shuidao_2022": 1, "city_university": 17, "gaokao_2022": 1, "hangmu_2022": 1, "guoqi_2022": 1, "gangqi_2022": 1, "zhongqiujie_2022": 5, "kaixueji_2022": 1, "guoq_2022": 1, "hongrenjie_2022": 1, "gaokao_2023": 1, "duanwujie_2023": 1, "kaixueji_2023": 1, "laoshiyeyeni_2023": 1, "yayunhuiguoqi_2023": 1, "nihaochuntian_2024": 1, "hangmu_2024": 1, "gaokao_2024": 1, "biyeji_2024": 1, "kaixueji_2024": 1, "guoqi1001_2024": 1}, "statuses_count": 72016, "verified": true, "verified_type": 1, "gender": "m", "mbtype": 12, "svip": 0, "urank": 48, "mbrank": 7, "followers_count_str": "655.9\u4e07", "verified_type_ext": 0, "verified_reason": "\u6e56\u5317\u7701\u516c\u5b89\u5385\u5b98\u65b9\u5fae\u535a", "like": false, "like_me": false, "special_follow": false}, "reposts_count": 0, "comments_count": 1, "reprint_cmt_count": 0, "attitudes_count": 1, "mixed_count": 0, "pending_approval_count": 0, "isLongText": true, "show_mlevel": 0, "darwin_tags": [], "ad_marked": false, "mblogtype": 0, "item_category": "status", "rid": "6_0_50_5245826815733547101_0_0_0", "cardid": "star_1624", "extern_safe": 0, "number_display_strategy": {"apply_scenario_flag": 19, "display_text_min_number": 1000000, "display_text": "100\u4e07+"}, "content_auth": 0, "is_show_mixed": false, "comment_manage_info": {"comment_permission_type": -1, "approval_comment_type": 0, "comment_sort_type": 0}, "pic_num": 0, "mlevel": 0, "detail_bottom_bar": 0, "mblog_menu_new_style": 0, "page_info": {"type": "video", "object_type": 11, "url_ori": "http://t.cn/A61SAOCQ", "page_pic": {"width": "852", "pid": "72b66d3fly8hyt6nmszdtj20u01hcajv", "source": "2", "is_self_cover": "1", "type": "1", "url": "https://wx2.sinaimg.cn/orj480/72b66d3fly8hyt6nmszdtj20u01hcajv.jpg", "height": "480"}, "page_url": "https://video.weibo.com/show?fid=1034%3A5136801854324747", "object_id": "1034:5136801854324747", "page_title": "\u5927\u53c2\u8003\u7684\u5fae\u535a\u89c6\u9891", "title": "\u6c11\u8b66\u9694\u7a7a\u529d\u6295\u9a97\u5b50\u643a18\u4e07\u81ea\u9996", "content1": "\u5927\u53c2\u8003\u7684\u5fae\u535a\u89c6\u9891", "content2": "\u3010#\u6c11\u8b66\u9694\u7a7a\u529d\u6295\u9a97\u5b50\u643a18\u4e07\u81ea\u9996#\u3011#\u5192\u5145\u519b\u5b98\u8bc8\u9a9718\u4e07\u8b66\u65b9\u9694\u7a7a\u529d\u6295\u5168\u8ffd\u56de#\u8fd1\u65e5\uff0c\u6cb3\u5357\u90d1\u5dde\u65b0\u5bc6\u5e02\u53d1\u751f\u4e86\u4e00\u8d77\u5192\u5145\u519b\u5b98\u8bc8\u9a97\u7684\u6848\u4ef6\u3002\u4e00\u540d\u7537\u5b50\u4f2a\u88c5\u6210\u519b\u5b98\uff0c\u4ee5\u6295\u8d44\u7406\u8d22\u4e3a\u5e4c\u5b50\uff0c\u9a97\u53d6\u4e86\u4e00\u540d\u5973\u5b5018\u4e07\u5143\u3002\u8b66\u65b9\u5728\u53d1\u73b0\u5f02\u5e38\u540e\uff0c\u8fc5\u901f\u8054\u7cfb\u8bc8\u9a97\u5206\u5b50\uff0c\u901a\u8fc7\u6253\u7535\u8bdd\u7684\u65b9\u5f0f\u9694\u7a7a\u529d\u5176\u4e3b\u52a8\u6295\u6848\u3002\u6c11\u8b66\u8868\u793a\uff1a\u201c\u53ca\u65f6\u6536\u624b\uff0c", "video_orientation": "vertical", "play_count": "13\u4e07\u6b21\u64ad\u653e", "media_info": {"stream_url": "https://f.video.weibocdn.com/o0/8YAbAX3ulx08m9i1fTQY010412002x6s0E010.mp4?label=mp4_ld&template=360x640.24.0&ori=0&ps=1CwnkDw1GXwCQx&Expires=1742789686&ssig=sMqrP8HBng&KID=unistore,video", "stream_url_hd": "https://f.video.weibocdn.com/o0/fwdtr3zelx08m9i1xSUU010412004z750E010.mp4?label=mp4_hd&template=540x960.24.0&ori=0&ps=1CwnkDw1GXwCQx&Expires=1742789686&ssig=ffnudi116H&KID=unistore,video", "duration": 23.36}, "urls": {"mp4_720p_mp4": "https://f.video.weibocdn.com/o0/Jo95AODFlx08m9i2QZwc010412007wX20E010.mp4?label=mp4_720p&template=720x1280.24.0&ori=0&ps=1CwnkDw1GXwCQx&Expires=1742789686&ssig=tpmNZA4t7O&KID=unistore,video", "mp4_ld_mp4": "https://f.video.weibocdn.com/o0/8YAbAX3ulx08m9i1fTQY010412002x6s0E010.mp4?label=mp4_ld&template=360x640.24.0&ori=0&ps=1CwnkDw1GXwCQx&Expires=1742789686&ssig=sMqrP8HBng&KID=unistore,video", "mp4_hd_mp4": "https://f.video.weibocdn.com/o0/fwdtr3zelx08m9i1xSUU010412004z750E010.mp4?label=mp4_hd&template=540x960.24.0&ori=0&ps=1CwnkDw1GXwCQx&Expires=1742789686&ssig=ffnudi116H&KID=unistore,video"}}, "bid": "PhsLlqvGZ"}, "show_type": 1, "title": ""}, {"card_type": 9, "card_type_name": "", "itemid": "", "scheme": "https://m.weibo.cn/status/Phstue4Vs?mblogid=Phstue4Vs", "mblog": {"visible": {"type": 0, "list_id": 0}, "created_at": "Fri Mar 07 17:15:00 +0800 2025", "id": "5141610363355530", "mid": "5141610363355530", "can_edit": false, "text": "\u3010<a  href=\"https://m.weibo.cn/search?containerid=231522type%3D1%26t%3D10%26q%3D%2312%E5%B2%81%E7%94%B7%E5%AD%A9%E7%94%A8%E7%94%B5%E8%AF%9D%E6%89%8B%E8%A1%A8%E5%88%B7%E5%8D%95%E9%99%A9%E8%A2%AB%E9%AA%973%E4%B8%87%23&extparam=%2312%E5%B2%81%E7%94%B7%E5%AD%A9%E7%94%A8%E7%94%B5%E8%AF%9D%E6%89%8B%E8%A1%A8%E5%88%B7%E5%8D%95%E9%99%A9%E8%A2%AB%E9%AA%973%E4%B8%87%23\" data-hide=\"\"><span class=\"surl-text\">#12\u5c81\u7537\u5b69\u7528\u7535\u8bdd\u624b\u8868\u5237\u5355\u9669\u88ab\u9a973\u4e07#</span></a>\uff0c\u5e78\u597d\u6c11\u8b66\u7d27\u6025\u6b62\u4ed8\u633d\u635f\u3011\u8fd1\u65e5\uff0c\u6d59\u6c5f\u5b81\u6ce2\u3002\u5927\u78b6\u6d3e\u51fa\u6240\u63a5\u5230\u738b\u5973\u58eb\u62a5\u8b66\uff0c\u79f0\u513f\u5b50\u7528\u7535\u8bdd\u624b\u8868\u88ab\u9a97\u8d70\u4e863\u4e07\u591a\u5143\u3002\u539f\u6765\uff0c12\u5c81\u7684\u5c0f\u674e\u4e0a\u7f51\u65f6\uff0c\u7f51\u9875\u7a81\u7136\u5f39\u51fa\u4e00\u4e2a\u201c\u4e70\u836f\u8fd4\u73b0\u201d\u5f39\u7a97\uff0c\u51fa\u4e8e\u597d\u5947\uff0c\u5c0f\u674e\u9b3c\u4f7f\u795e\u5dee\u7684\u70b9\u4e86\u8fdb\u53bb\uff0c\u8fd8\u4e0b\u8f7d\u4e86\u76f8\u5173APP\uff0c\u6ca1\u60f3\u5230\u8e0f\u5165\u4e86\u9a97\u5b50\u8bbe\u4e0b\u7684\u9677\u9631\u3002\u8d77\u521d\uff0c\u5c0f ...<a href=\"/status/5141610363355530\">\u5168\u6587</a>", "textLength": 634, "source": "\u5fae\u535a\u89c6\u9891\u53f7", "favorited": false, "pic_ids": [], "is_paid": false, "mblog_vip_type": 0, "user": {"id": 1917433500, "screen_name": "\u5e73\u5b89\u6e56\u5317", "profile_image_url": "https://tvax4.sinaimg.cn/crop.0.0.1067.1067.180/0025Lm2Mly8h8w4chd6ezj60tn0tndia02.jpg?KID=imgbed,tva&Expires=1742796886&ssig=WOvlqpBnLo", "profile_url": "https://m.weibo.cn/u/1917433500?", "close_blue_v": false, "description": "\u6e56\u5317\u7701\u516c\u5b89\u5385\u5b98\u65b9\u5fae\u535a\uff0c\u5728\u8fd9\u91cc\u60a8\u53ef\u4ee5\u4e86\u89e3\u5230\u6700\u65b0\u7684\u8b66\u65b9\u8d44\u8baf\u3002\u6b22\u8fce\u60a8\u6536\u542c\u5e76\u7ed9\u6211\u4eec\u63d0\u51fa\u610f\u89c1\u548c\u5efa\u8bae\uff0c\u8c22\u8c22\u652f\u6301\uff01 \u6e29\u99a8\u63d0\u793a\uff1a\u5e7f\u5927\u7f51\u53cb\u5982\u9047\u7d27\u6025\u8b66\u60c5\uff0c\u8bf7\u62e8\u6253\u5f53\u5730110\u62a5\u8b66\u6c42\u52a9\u3002", "follow_me": false, "following": false, "follow_count": 530, "followers_count": "655.9\u4e07", "cover_image_phone": "https://tva1.sinaimg.cn/crop.0.0.640.640.640/549d0121tw1egm1kjly3jj20hs0hsq4f.jpg", "avatar_hd": "https://wx4.sinaimg.cn/orj480/0025Lm2Mly8h8w4chd6ezj60tn0tndia02.jpg", "badge": {"enterprise": 1, "dzwbqlx_2016": 1, "follow_whitelist_video": 1, "league_badge": 1, "panda": 1, "user_name_certificate": 1, "suishoupai_2018": 1, "wenchuan_10th": 1, "qixi_2018": 1, "national_day_2018": 1, "memorial_2018": 1, "fu_2019": 1, "womensday_2018": 1, "suishoupai_2019": 1, "wusi_2019": 1, "hongrenjie_2019": 1, "china_2019": 1, "hongkong_2019": 1, "gongjiri_2019": 1, "macao_2019": 1, "china_2019_2": 1, "hongbao_2020": 2, "feiyan_2020": 1, "graduation_2020": 1, "pc_new": 7, "dailv_2020": 1, "school_2020": 1, "hongrenjie_2020": 1, "china_2020": 1, "lvzhilingyang_2021": 1, "yuanlongping_2021": 1, "ylpshuidao_2021": 1, "gaokao_2021": 1, "party_cardid_state": 2, "kaixue21_2021": 1, "newdongaohui_2022": 1, "nihaochuntian_2022": 1, "video_visible": 1, "iplocationchange_2022": 1, "shuidao_2022": 1, "city_university": 17, "gaokao_2022": 1, "hangmu_2022": 1, "guoqi_2022": 1, "gangqi_2022": 1, "zhongqiujie_2022": 5, "kaixueji_2022": 1, "guoq_2022": 1, "hongrenjie_2022": 1, "gaokao_2023": 1, "duanwujie_2023": 1, "kaixueji_2023": 1, "laoshiyeyeni_2023": 1, "yayunhuiguoqi_2023": 1, "nihaochuntian_2024": 1, "hangmu_2024": 1, "gaokao_2024": 1, "biyeji_2024": 1, "kaixueji_2024": 1, "guoqi1001_2024": 1}, "statuses_count": 72016, "verified": true, "verified_type": 1, "gender": "m", "mbtype": 12, "svip": 0, "urank": 48, "mbrank": 7, "followers_count_str": "655.9\u4e07", "verified_type_ext": 0, "verified_reason": "\u6e56\u5317\u7701\u516c\u5b89\u5385\u5b98\u65b9\u5fae\u535a", "like": false, "like_me": false, "special_follow": false}, "reposts_count": 0, "comments_count": 0, "reprint_cmt_count": 0, "attitudes_count": 0, "mixed_count": 0, "pending_approval_count": 0, "isLongText": true, "show_mlevel": 0, "darwin_tags": [], "ad_marked": false, "mblogtype": 0, "item_category": "status", "rid": "7_0_50_5245826815733547101_0_0_0", "cardid": "star_1624", "extern_safe": 0, "number_display_strategy": {"apply_scenario_flag": 19, "display_text_min_number": 1000000, "display_text": "100\u4e07+"}, "content_auth": 0, "is_show_mixed": false, "comment_manage_info": {"comment_permission_type": -1, "approval_comment_type": 0, "comment_sort_type": 0}, "pic_num": 0, "mlevel": 0, "detail_bottom_bar": 0, "mblog_menu_new_style": 0, "page_info": {"type": "video", "object_type": 11, "url_ori": "http://t.cn/A6BP4iCr", "page_pic": {"width": "1080", "pid": "008cHdLigy1hz7ke7uferj30u0140ttk", "source": "2", "is_self_cover": "1", "type": "0", "url": "https://wx2.sinaimg.cn/orj480/008cHdLigy1hz7ke7uferj30u0140ttk.jpg", "height": "1440"}, "page_url": "https://video.weibo.com/show?fid=1034%3A5141309619372066", "object_id": "1034:5141309619372066", "page_title": "\u4e5d\u6d3e\u65b0\u95fb\u7684\u5fae\u535a\u89c6\u9891", "title": "12\u5c81\u7537\u5b69\u7528\u7535\u8bdd\u624b\u8868\u5237\u5355\u9669\u88ab\u9a973\u4e07", "content1": "\u4e5d\u6d3e\u65b0\u95fb\u7684\u5fae\u535a\u89c6\u9891", "content2": "\u3010#12\u5c81\u7537\u5b69\u7528\u7535\u8bdd\u624b\u8868\u5237\u5355\u9669\u88ab\u9a973\u4e07#\uff0c\u5e78\u597d\u6c11\u8b66\u7d27\u6025\u6b62\u4ed8\u633d\u635f\u3011\u8fd1\u65e5\uff0c\u6d59\u6c5f\u5b81\u6ce2\u3002\u5927\u78b6\u6d3e\u51fa\u6240\u63a5\u5230\u738b\u5973\u58eb\u62a5\u8b66\uff0c\u79f0\u513f\u5b50\u7528\u7535\u8bdd\u624b\u8868\u88ab\u9a97\u8d70\u4e863\u4e07\u591a\u5143\u3002\u539f\u6765\uff0c12\u5c81\u7684\u5c0f\u674e\u4e0a\u7f51\u65f6\uff0c\u7f51\u9875\u7a81\u7136\u5f39\u51fa\u4e00\u4e2a\u201c\u4e70\u836f\u8fd4\u73b0\u201d\u5f39\u7a97\uff0c\u51fa\u4e8e\u597d\u5947\uff0c\u5c0f\u674e\u9b3c\u4f7f\u795e\u5dee\u7684\u70b9\u4e86\u8fdb\u53bb\uff0c\u8fd8\u4e0b\u8f7d\u4e86\u76f8\u5173APP\uff0c\u6ca1\u60f3\u5230\u8e0f\u5165\u4e86\u9a97\u5b50\u8bbe\u4e0b\u7684\u9677\u9631", "video_orientation": "vertical", "play_count": "8678\u6b21\u64ad\u653e", "media_info": {"stream_url": "https://f.video.weibocdn.com/o0/pkmK4FMdlx08mt9sxhVS0104120023qc0E010.mp4?label=mp4_ld&template=360x640.24.0&ori=0&ps=1CwnkDw1GXwCQx&Expires=1742789686&ssig=dLWIGeho6a&KID=unistore,video", "stream_url_hd": "https://f.video.weibocdn.com/o0/hxgNep1mlx08mt9sGeli010412003wIe0E010.mp4?label=mp4_hd&template=540x960.24.0&ori=0&ps=1CwnkDw1GXwCQx&Expires=1742789686&ssig=ZsjGz6GmML&KID=unistore,video", "duration": 22.709}, "urls": {"mp4_720p_mp4": "https://f.video.weibocdn.com/o0/52rQkWntlx08mt9sCTTG010412005MRS0E010.mp4?label=mp4_720p&template=720x1280.24.0&ori=0&ps=1CwnkDw1GXwCQx&Expires=1742789686&ssig=694DiARL%2Bp&KID=unistore,video", "mp4_ld_mp4": "https://f.video.weibocdn.com/o0/pkmK4FMdlx08mt9sxhVS0104120023qc0E010.mp4?label=mp4_ld&template=360x640.24.0&ori=0&ps=1CwnkDw1GXwCQx&Expires=1742789686&ssig=dLWIGeho6a&KID=unistore,video", "mp4_hd_mp4": "https://f.video.weibocdn.com/o0/hxgNep1mlx08mt9sGeli010412003wIe0E010.mp4?label=mp4_hd&template=540x960.24.0&ori=0&ps=1CwnkDw1GXwCQx&Expires=1742789686&ssig=ZsjGz6GmML&KID=unistore,video"}}, "bid": "Phstue4Vs"}, "show_type": 1, "title": ""}, {"card_type": 9, "card_type_name": "", "itemid": "", "scheme": "https://m.weibo.cn/status/Phsapsevk?mblogid=Phsapsevk", "mblog": {"visible": {"type": 0, "list_id": 0}, "created_at": "Fri Mar 07 16:28:00 +0800 2025", "id": "5141598536728942", "mid": "5141598536728942", "can_edit": false, "text": "\u3010<a  href=\"https://m.weibo.cn/search?containerid=231522type%3D1%26t%3D10%26q%3D%23%E5%8C%BB%E7%94%9F%E5%BB%BA%E8%AE%AE%E7%9A%84%E7%8E%A9%E6%89%8B%E6%9C%BA%E6%AD%A3%E7%A1%AE%E5%A7%BF%E5%8A%BF%23&extparam=%23%E5%8C%BB%E7%94%9F%E5%BB%BA%E8%AE%AE%E7%9A%84%E7%8E%A9%E6%89%8B%E6%9C%BA%E6%AD%A3%E7%A1%AE%E5%A7%BF%E5%8A%BF%23\" data-hide=\"\"><span class=\"surl-text\">#\u533b\u751f\u5efa\u8bae\u7684\u73a9\u624b\u673a\u6b63\u786e\u59ff\u52bf#</span></a><span class=\"url-icon\"><img alt=[\u8bdd\u7b52] src=\"https://h5.sinaimg.cn/m/emoticon/icon/others/o_huatong-0a3e80b147.png\" style=\"width:1em; height:1em;\" /></span>\u5feb\u8f6c\u7ed9\u5c0f\u4f19\u4f34\uff01\u3011\u901f\u901f\u67e5\u6536\u773c\u79d1\u533b\u751f\u7684\u5efa\u8bae\u2193\u2193 <a  href=\"https://video.weibo.com/show?fid=1034:5141298525437988\" data-hide=\"\"><span class='url-icon'><img style='width: 1rem;height: 1rem' src='https://h5.sinaimg.cn/upload/2015/09/25/3/timeline_card_small_video_default.png'></span><span class=\"surl-text\">\u592e\u89c6\u65b0\u95fb\u7684\u5fae\u535a\u89c6\u9891</span></a> ", "textLength": 97, "source": "\u5fae\u535a\u89c6\u9891\u53f7", "favorited": false, "pic_ids": [], "is_paid": false, "mblog_vip_type": 0, "user": {"id": 1917433500, "screen_name": "\u5e73\u5b89\u6e56\u5317", "profile_image_url": "https://tvax4.sinaimg.cn/crop.0.0.1067.1067.180/0025Lm2Mly8h8w4chd6ezj60tn0tndia02.jpg?KID=imgbed,tva&Expires=1742796886&ssig=WOvlqpBnLo", "profile_url": "https://m.weibo.cn/u/1917433500?", "close_blue_v": false, "description": "\u6e56\u5317\u7701\u516c\u5b89\u5385\u5b98\u65b9\u5fae\u535a\uff0c\u5728\u8fd9\u91cc\u60a8\u53ef\u4ee5\u4e86\u89e3\u5230\u6700\u65b0\u7684\u8b66\u65b9\u8d44\u8baf\u3002\u6b22\u8fce\u60a8\u6536\u542c\u5e76\u7ed9\u6211\u4eec\u63d0\u51fa\u610f\u89c1\u548c\u5efa\u8bae\uff0c\u8c22\u8c22\u652f\u6301\uff01 \u6e29\u99a8\u63d0\u793a\uff1a\u5e7f\u5927\u7f51\u53cb\u5982\u9047\u7d27\u6025\u8b66\u60c5\uff0c\u8bf7\u62e8\u6253\u5f53\u5730110\u62a5\u8b66\u6c42\u52a9\u3002", "follow_me": false, "following": false, "follow_count": 530, "followers_count": "655.9\u4e07", "cover_image_phone": "https://tva1.sinaimg.cn/crop.0.0.640.640.640/549d0121tw1egm1kjly3jj20hs0hsq4f.jpg", "avatar_hd": "https://wx4.sinaimg.cn/orj480/0025Lm2Mly8h8w4chd6ezj60tn0tndia02.jpg", "badge": {"enterprise": 1, "dzwbqlx_2016": 1, "follow_whitelist_video": 1, "league_badge": 1, "panda": 1, "user_name_certificate": 1, "suishoupai_2018": 1, "wenchuan_10th": 1, "qixi_2018": 1, "national_day_2018": 1, "memorial_2018": 1, "fu_2019": 1, "womensday_2018": 1, "suishoupai_2019": 1, "wusi_2019": 1, "hongrenjie_2019": 1, "china_2019": 1, "hongkong_2019": 1, "gongjiri_2019": 1, "macao_2019": 1, "china_2019_2": 1, "hongbao_2020": 2, "feiyan_2020": 1, "graduation_2020": 1, "pc_new": 7, "dailv_2020": 1, "school_2020": 1, "hongrenjie_2020": 1, "china_2020": 1, "lvzhilingyang_2021": 1, "yuanlongping_2021": 1, "ylpshuidao_2021": 1, "gaokao_2021": 1, "party_cardid_state": 2, "kaixue21_2021": 1, "newdongaohui_2022": 1, "nihaochuntian_2022": 1, "video_visible": 1, "iplocationchange_2022": 1, "shuidao_2022": 1, "city_university": 17, "gaokao_2022": 1, "hangmu_2022": 1, "guoqi_2022": 1, "gangqi_2022": 1, "zhongqiujie_2022": 5, "kaixueji_2022": 1, "guoq_2022": 1, "hongrenjie_2022": 1, "gaokao_2023": 1, "duanwujie_2023": 1, "kaixueji_2023": 1, "laoshiyeyeni_2023": 1, "yayunhuiguoqi_2023": 1, "nihaochuntian_2024": 1, "hangmu_2024": 1, "gaokao_2024": 1, "biyeji_2024": 1, "kaixueji_2024": 1, "guoqi1001_2024": 1}, "statuses_count": 72016, "verified": true, "verified_type": 1, "gender": "m", "mbtype": 12, "svip": 0, "urank": 48, "mbrank": 7, "followers_count_str": "655.9\u4e07", "verified_type_ext": 0, "verified_reason": "\u6e56\u5317\u7701\u516c\u5b89\u5385\u5b98\u65b9\u5fae\u535a", "like": false, "like_me": false, "special_follow": false}, "reposts_count": 0, "comments_count": 0, "reprint_cmt_count": 0, "attitudes_count": 0, "mixed_count": 0, "pending_approval_count": 0, "isLongText": false, "show_mlevel": 0, "darwin_tags": [], "ad_marked": false, "mblogtype": 0, "item_category": "status", "rid": "8_0_50_5245826815733547101_0_0_0", "cardid": "star_1624", "extern_safe": 0, "number_display_strategy": {"apply_scenario_flag": 19, "display_text_min_number": 1000000, "display_text": "100\u4e07+"}, "content_auth": 0, "is_show_mixed": false, "comment_manage_info": {"comment_permission_type": -1, "approval_comment_type": 0, "comment_sort_type": 0}, "pic_num": 0, "mlevel": 0, "detail_bottom_bar": 0, "mblog_menu_new_style": 0, "page_info": {"type": "video", "object_type": 11, "url_ori": "http://t.cn/A6Bvfqzd", "page_pic": {"width": "1080", "pid": "002TLsr9ly1hz7j3gif8vj60u0140x2w02", "source": "2", "is_self_cover": "1", "type": "0", "url": "https://wx1.sinaimg.cn/orj480/002TLsr9ly1hz7j3gif8vj60u0140x2w02.jpg", "height": "1440"}, "page_url": "https://video.weibo.com/show?fid=1034%3A5141298525437988", "object_id": "1034:5141298525437988", "page_title": "\u592e\u89c6\u65b0\u95fb\u7684\u5fae\u535a\u89c6\u9891", "title": "\u533b\u751f\u5efa\u8bae\u7684\u73a9\u624b\u673a\u6b63\u786e\u59ff\u52bf", "content1": "\u592e\u89c6\u65b0\u95fb\u7684\u5fae\u535a\u89c6\u9891", "content2": "\u3010#\u533b\u751f\u5efa\u8bae\u7684\u73a9\u624b\u673a\u6b63\u786e\u59ff\u52bf#[\u8bdd\u7b52]\u5feb\u8f6c\u7ed9\u5c0f\u4f19\u4f34\uff01\u3011\u8eba\u7740\u770b\uff0c\u4fa7\u7740\u770b\uff0c\u5173\u4e86\u706f\u770b\uff0c\u6253\u5f00\u624b\u7535\u7b52\u770b\u2026\u2026#\u7761\u524d\u600e\u4e48\u73a9\u624b\u673a\u624d\u80fd\u4e0d\u4f24\u773c#\uff1f\u901f\u901f\u67e5\u6536\u773c\u79d1\u533b\u751f\u7684\u5efa\u8bae\u2193\u2193\u7f51\u53cb\uff1a\u88ab\u6b63\u786e\u59ff\u52bf\u60ca\u5230\u4e86\uff01\u8f6c\u53d1\u63d0\u9192\uff0c\u7231\u62a4\u773c\u775b~\uff08\u89c6\u9891/\u5065\u5eb7\u676d\u5dde\uff09", "video_orientation": "vertical", "play_count": "219\u4e07\u6b21\u64ad\u653e", "media_info": {"stream_url": "https://f.video.weibocdn.com/o0/szowSCvFlx08mt5aXV4A010412006E9z0E010.mp4?label=mp4_ld&template=360x640.24.0&ori=0&ps=1CwnkDw1GXwCQx&Expires=1742789686&ssig=WsJ8J%2BEBbP&KID=unistore,video", "stream_url_hd": "https://f.video.weibocdn.com/o0/SG2GAH9Elx08mt5aRJjO01041200c17v0E010.mp4?label=mp4_hd&template=540x960.24.0&ori=0&ps=1CwnkDw1GXwCQx&Expires=1742789686&ssig=X2MBjWxiN0&KID=unistore,video", "duration": 46.091}, "urls": {"mp4_720p_mp4": "https://f.video.weibocdn.com/o0/hS3NhbGnlx08mt5bqI3e01041200jszb0E010.mp4?label=mp4_720p&template=720x1280.24.0&ori=0&ps=1CwnkDw1GXwCQx&Expires=1742789686&ssig=X%2B7hUA5pU0&KID=unistore,video", "mp4_ld_mp4": "https://f.video.weibocdn.com/o0/szowSCvFlx08mt5aXV4A010412006E9z0E010.mp4?label=mp4_ld&template=360x640.24.0&ori=0&ps=1CwnkDw1GXwCQx&Expires=1742789686&ssig=WsJ8J%2BEBbP&KID=unistore,video", "mp4_hd_mp4": "https://f.video.weibocdn.com/o0/SG2GAH9Elx08mt5aRJjO01041200c17v0E010.mp4?label=mp4_hd&template=540x960.24.0&ori=0&ps=1CwnkDw1GXwCQx&Expires=1742789686&ssig=X2MBjWxiN0&KID=unistore,video"}}, "bid": "Phsapsevk"}, "show_type": 1, "title": ""}, {"card_type": 9, "card_type_name": "", "itemid": "", "scheme": "https://m.weibo.cn/status/PhrSXhhf9?mblogid=PhrSXhhf9", "mblog": {"visible": {"type": 0, "list_id": 0}, "created_at": "Fri Mar 07 15:45:00 +0800 2025", "id": "5141587714117863", "mid": "5141587714117863", "can_edit": false, "text": "\u3010\u5b89\u5168\u63d0\u9192\uff01<a  href=\"https://m.weibo.cn/search?containerid=231522type%3D1%26t%3D10%26q%3D%23%E6%89%8B%E6%9C%BA%E8%BF%99%E4%BA%9B%E5%85%A5%E5%8F%A3%E5%8F%8A%E6%97%B6%E5%85%B3%23&extparam=%23%E6%89%8B%E6%9C%BA%E8%BF%99%E4%BA%9B%E5%85%A5%E5%8F%A3%E5%8F%8A%E6%97%B6%E5%85%B3%23\" data-hide=\"\"><span class=\"surl-text\">#\u624b\u673a\u8fd9\u4e9b\u5165\u53e3\u53ca\u65f6\u5173#</span></a><span class=\"url-icon\"><img alt=[\u5e76\u4e0d\u7b80\u5355] src=\"https://h5.sinaimg.cn/m/emoticon/icon/default/d_bingbujiandan-9955880b30.png\" style=\"width:1em; height:1em;\" /></span>\u3011<a  href=\"https://m.weibo.cn/search?containerid=231522type%3D1%26t%3D10%26q%3D%23%E8%BF%99%E4%BA%9B%E7%9C%8B%E4%BC%BC%E5%B9%B3%E5%B8%B8%E7%9A%84%E7%85%A7%E7%89%87%E5%8F%AF%E8%83%BD%E6%9A%B4%E9%9C%B2%E4%B8%AA%E4%BA%BA%E9%9A%90%E7%A7%81%23&extparam=%23%E8%BF%99%E4%BA%9B%E7%9C%8B%E4%BC%BC%E5%B9%B3%E5%B8%B8%E7%9A%84%E7%85%A7%E7%89%87%E5%8F%AF%E8%83%BD%E6%9A%B4%E9%9C%B2%E4%B8%AA%E4%BA%BA%E9%9A%90%E7%A7%81%23\" data-hide=\"\"><span class=\"surl-text\">#\u8fd9\u4e9b\u770b\u4f3c\u5e73\u5e38\u7684\u7167\u7247\u53ef\u80fd\u66b4\u9732\u4e2a\u4eba\u9690\u79c1#</span></a> \uff0c\u7a0d\u6709\u4e0d\u614e\u5c31\u53ef\u80fd\u6210\u4e3a\u6cc4\u5bc6\u6e90\u5934\u3002\u90a3\u4e48\uff0c\u7167\u7247\u4e2d\u5305\u542b\u54ea\u4e9b\u4fe1\u606f\u5462\uff1f\u9996\u5148\u662fEXIF\u4fe1\u606f\u3002EXIF\u4fe1\u606f\u662f\u4e00\u79cd\u5d4c\u5165\u5728\u7167\u7247\u4e2d\u7684\u5143\u6570\u636e\uff0c\u5b83\u8bb0\u5f55\u4e86\u7167\u7247\u7684\u62cd\u6444\u65f6\u95f4\u3001\u5206\u8fa8\u7387\u3001\u76f8\u673a\u5236\u9020\u5546\u3001\u76f8\u673a\u578b\u53f7\u3001\u5149\u5708\u3001\u5feb\u95e8\u901f\u5ea6\u7b49\u4fe1\u606f\u3002\u5982\u679c\u624b\u673a\u5f00\u542f ...<a href=\"/status/5141587714117863\">\u5168\u6587</a>", "textLength": 609, "source": "\u5fae\u535a\u89c6\u9891\u53f7", "favorited": false, "pic_ids": [], "is_paid": false, "mblog_vip_type": 0, "user": {"id": 1917433500, "screen_name": "\u5e73\u5b89\u6e56\u5317", "profile_image_url": "https://tvax4.sinaimg.cn/crop.0.0.1067.1067.180/0025Lm2Mly8h8w4chd6ezj60tn0tndia02.jpg?KID=imgbed,tva&Expires=1742796886&ssig=WOvlqpBnLo", "profile_url": "https://m.weibo.cn/u/1917433500?", "close_blue_v": false, "description": "\u6e56\u5317\u7701\u516c\u5b89\u5385\u5b98\u65b9\u5fae\u535a\uff0c\u5728\u8fd9\u91cc\u60a8\u53ef\u4ee5\u4e86\u89e3\u5230\u6700\u65b0\u7684\u8b66\u65b9\u8d44\u8baf\u3002\u6b22\u8fce\u60a8\u6536\u542c\u5e76\u7ed9\u6211\u4eec\u63d0\u51fa\u610f\u89c1\u548c\u5efa\u8bae\uff0c\u8c22\u8c22\u652f\u6301\uff01 \u6e29\u99a8\u63d0\u793a\uff1a\u5e7f\u5927\u7f51\u53cb\u5982\u9047\u7d27\u6025\u8b66\u60c5\uff0c\u8bf7\u62e8\u6253\u5f53\u5730110\u62a5\u8b66\u6c42\u52a9\u3002", "follow_me": false, "following": false, "follow_count": 530, "followers_count": "655.9\u4e07", "cover_image_phone": "https://tva1.sinaimg.cn/crop.0.0.640.640.640/549d0121tw1egm1kjly3jj20hs0hsq4f.jpg", "avatar_hd": "https://wx4.sinaimg.cn/orj480/0025Lm2Mly8h8w4chd6ezj60tn0tndia02.jpg", "badge": {"enterprise": 1, "dzwbqlx_2016": 1, "follow_whitelist_video": 1, "league_badge": 1, "panda": 1, "user_name_certificate": 1, "suishoupai_2018": 1, "wenchuan_10th": 1, "qixi_2018": 1, "national_day_2018": 1, "memorial_2018": 1, "fu_2019": 1, "womensday_2018": 1, "suishoupai_2019": 1, "wusi_2019": 1, "hongrenjie_2019": 1, "china_2019": 1, "hongkong_2019": 1, "gongjiri_2019": 1, "macao_2019": 1, "china_2019_2": 1, "hongbao_2020": 2, "feiyan_2020": 1, "graduation_2020": 1, "pc_new": 7, "dailv_2020": 1, "school_2020": 1, "hongrenjie_2020": 1, "china_2020": 1, "lvzhilingyang_2021": 1, "yuanlongping_2021": 1, "ylpshuidao_2021": 1, "gaokao_2021": 1, "party_cardid_state": 2, "kaixue21_2021": 1, "newdongaohui_2022": 1, "nihaochuntian_2022": 1, "video_visible": 1, "iplocationchange_2022": 1, "shuidao_2022": 1, "city_university": 17, "gaokao_2022": 1, "hangmu_2022": 1, "guoqi_2022": 1, "gangqi_2022": 1, "zhongqiujie_2022": 5, "kaixueji_2022": 1, "guoq_2022": 1, "hongrenjie_2022": 1, "gaokao_2023": 1, "duanwujie_2023": 1, "kaixueji_2023": 1, "laoshiyeyeni_2023": 1, "yayunhuiguoqi_2023": 1, "nihaochuntian_2024": 1, "hangmu_2024": 1, "gaokao_2024": 1, "biyeji_2024": 1, "kaixueji_2024": 1, "guoqi1001_2024": 1}, "statuses_count": 72016, "verified": true, "verified_type": 1, "gender": "m", "mbtype": 12, "svip": 0, "urank": 48, "mbrank": 7, "followers_count_str": "655.9\u4e07", "verified_type_ext": 0, "verified_reason": "\u6e56\u5317\u7701\u516c\u5b89\u5385\u5b98\u65b9\u5fae\u535a", "like": false, "like_me": false, "special_follow": false}, "reposts_count": 1, "comments_count": 0, "reprint_cmt_count": 0, "attitudes_count": 1, "mixed_count": 0, "pending_approval_count": 0, "isLongText": true, "show_mlevel": 0, "darwin_tags": [], "ad_marked": false, "mblogtype": 0, "item_category": "status", "rid": "9_0_50_5245826815733547101_0_0_0", "cardid": "star_1624", "extern_safe": 0, "number_display_strategy": {"apply_scenario_flag": 19, "display_text_min_number": 1000000, "display_text": "100\u4e07+"}, "content_auth": 0, "is_show_mixed": false, "comment_manage_info": {"comment_permission_type": -1, "approval_comment_type": 0, "comment_sort_type": 0}, "pic_num": 0, "mlevel": 0, "detail_bottom_bar": 0, "mblog_menu_new_style": 0, "page_info": {"type": "video", "object_type": 11, "url_ori": "http://t.cn/A61HywaF", "page_pic": {"width": "852", "pid": "003z5L7fly8hyzezi6tz4j61hc0u0adw02", "source": "2", "is_self_cover": "1", "type": "1", "url": "https://wx2.sinaimg.cn/orj480/003z5L7fly8hyzezi6tz4j61hc0u0adw02.jpg", "height": "480"}, "page_url": "https://video.weibo.com/show?fid=1034%3A5138755120726090", "object_id": "1034:5138755120726090", "page_title": "\u592e\u89c6\u7f51\u7684\u5fae\u535a\u89c6\u9891", "title": "\u624b\u673a\u8fd9\u4e9b\u5165\u53e3\u53ca\u65f6\u5173", "content1": "\u592e\u89c6\u7f51\u7684\u5fae\u535a\u89c6\u9891", "content2": "\u3010\u5b89\u5168\u63d0\u9192\uff01#\u624b\u673a\u8fd9\u4e9b\u5165\u53e3\u53ca\u65f6\u5173#[\u5e76\u4e0d\u7b80\u5355]\u3011#\u8fd9\u4e9b\u770b\u4f3c\u5e73\u5e38\u7684\u7167\u7247\u53ef\u80fd\u66b4\u9732\u4e2a\u4eba\u9690\u79c1# \uff0c\u7a0d\u6709\u4e0d\u614e\u5c31\u53ef\u80fd\u6210\u4e3a\u6cc4\u5bc6\u6e90\u5934\u3002\u90a3\u4e48\uff0c\u7167\u7247\u4e2d\u5305\u542b\u54ea\u4e9b\u4fe1\u606f\u5462\uff1f\u9996\u5148\u662fEXIF\u4fe1\u606f\u3002EXIF\u4fe1\u606f\u662f\u4e00\u79cd\u5d4c\u5165\u5728\u7167\u7247\u4e2d\u7684\u5143\u6570\u636e\uff0c\u5b83\u8bb0\u5f55\u4e86\u7167\u7247\u7684\u62cd\u6444\u65f6\u95f4\u3001\u5206\u8fa8\u7387\u3001\u76f8\u673a\u5236\u9020\u5546\u3001\u76f8\u673a\u578b\u53f7\u3001\u5149\u5708\u3001\u5feb\u95e8\u901f\u5ea6\u7b49\u4fe1\u606f", "video_orientation": "horizontal", "play_count": "53\u4e07\u6b21\u64ad\u653e", "media_info": {"stream_url": "https://locallimit.us.sinaimg.cn/o0/uClte80Nlx08mhT3danm010412004WxJ0E010.mp4?label=mp4_ld&template=640x360.25.0&ori=0&ps=1CwnkDw1GXwCQx&Expires=1742789686&ssig=oCxlKdoPDs&KID=unistore,video", "stream_url_hd": "https://locallimit.us.sinaimg.cn/o0/ldtV1Xh7lx08mhT3zLuo010412007U2x0E010.mp4?label=mp4_hd&template=852x480.25.0&ori=0&ps=1CwnkDw1GXwCQx&Expires=1742789686&ssig=f%2FVjyWXQyr&KID=unistore,video", "duration": 85.82}, "urls": {"mp4_720p_mp4": "https://locallimit.us.sinaimg.cn/o0/6VntP2Gqlx08mhT3QLWg01041200flAx0E010.mp4?label=mp4_720p&template=1280x720.25.0&ori=0&ps=1CwnkDw1GXwCQx&Expires=1742789686&ssig=LeYD6V9%2B6Q&KID=unistore,video", "mp4_hd_mp4": "https://locallimit.us.sinaimg.cn/o0/ldtV1Xh7lx08mhT3zLuo010412007U2x0E010.mp4?label=mp4_hd&template=852x480.25.0&ori=0&ps=1CwnkDw1GXwCQx&Expires=1742789686&ssig=f%2FVjyWXQyr&KID=unistore,video", "mp4_ld_mp4": "https://locallimit.us.sinaimg.cn/o0/uClte80Nlx08mhT3danm010412004WxJ0E010.mp4?label=mp4_ld&template=640x360.25.0&ori=0&ps=1CwnkDw1GXwCQx&Expires=1742789686&ssig=oCxlKdoPDs&KID=unistore,video"}}, "bid": "PhrSXhhf9"}, "show_type": 1, "title": ""}], "cardlistInfo": {"can_shared": 0, "show_style": 1, "title_top": "\u5fae\u535a", "page_type": "03", "cardlist_head_cards": [{"head_type": 0, "channel_list": [{"id": "2304131917433500_-_WEIBO_SECOND_PROFILE_WEIBO", "name": "\u5168\u90e8", "containerid": "2304131917433500_-_WEIBO_SECOND_PROFILE_WEIBO", "default_add": 1, "must_show": 1, "apipath": "/2/profile/statuses/tab"}, {"id": "2304131917433500_-_WEIBO_SECOND_PROFILE_WEIBO_ORI", "name": "\u539f\u521b", "containerid": "2304131917433500_-_WEIBO_SECOND_PROFILE_WEIBO_ORI", "default_add": 1, "must_show": 1, "apipath": "/2/profile/statuses/tab"}, {"id": "2304131917433500_-_WEIBO_SECOND_PROFILE_WEIBO_VIDEO", "name": "\u89c6\u9891", "containerid": "2304131917433500_-_WEIBO_SECOND_PROFILE_WEIBO_VIDEO", "default_add": 1, "must_show": 1, "apipath": "/2/profile/statuses/tab"}, {"id": "2304131917433500_-_WEIBO_SECOND_PROFILE_WEIBO_ARTICAL", "name": "\u6587\u7ae0", "containerid": "2304131917433500_-_WEIBO_SECOND_PROFILE_WEIBO_ARTICAL", "default_add": 1, "must_show": 1, "apipath": "/2/profile/statuses/tab"}, {"id": "2304131917433500_-_WEIBO_SECOND_PROFILE_WEIBO_PIC", "name": "\u56fe\u7247", "containerid": "2304131917433500_-_WEIBO_SECOND_PROFILE_WEIBO_PIC", "default_add": 1, "must_show": 1, "apipath": "/2/profile/statuses/tab"}, {"id": "2304131917433500_-_WEIBO_SECOND_PROFILE_WEIBO_LBS", "name": "\u7b7e\u5230", "containerid": "2304131917433500_-_WEIBO_SECOND_PROFILE_WEIBO_LBS", "default_add": 1, "must_show": 1, "apipath": "/2/profile/statuses/tab"}]}], "since_id": 5141575886704438}, "scheme": "sinaweibo://cardlist?containerid=2304131917433500&page=22&count=10&_T_WM=84212562255&v_p=42", "showAppTips": 0}}